id,word,meaning,set_no,checkpoint_no
1,abandon,v. 버리다 / n. 방종,1,1
2,able,"a. ~할 수 있는, 재능 있는",1,1
3,aboard,"ad. / prep. 탄, 탑승한",1,1
4,abound,"v. 아주 많다, 풍부하다",1,1
5,abroad,"ad. 해외에, 해외로",1,1
6,absent,a. 결석한 / v. 결석하다,1,1
7,absolute,a. 완전한 / n. 절대적인 것,1,1
8,absorb,"v. 흡수하다, 빨아들이다",1,1
9,abstract,a. 추상적인 / n. 추상화 / v. 추출하다,1,1
10,absurd,a. 우스꽝스러운 / n. 불합리,1,1
11,abundant,"a. 풍부한, 아주 많은",1,1
12,abuse,n. 남용 / v. 남용하다,1,1
13,academy,"n. 학교, 학술원",1,1
14,accelerate,"v. 속도를 높이다, 가속화되다",1,1
15,accent,n. 말씨 / v. 강조하다,1,1
16,accept,"v. 받아들이다, 수락하다",1,1
17,access,"n. 입장, 접속 / v. 접근하다",1,1
18,accident,"n. 사고, 재해",1,1
19,accommodate,"v. 공간을 제공하다, 수용하다",1,1
20,accompany,"v. 동반하다, 동행하다",1,1
21,accomplish,"v. 완수하다, 성취하다",1,1
22,accord,"n. 일치 / v. 일치시키다, 일치하다",1,1
23,account,"n. 계좌 / v. 간주하다, 설명하다",1,1
24,accumulate,"v. 모으다, 늘어나다",1,1
25,accurate,"a. 정확한, 정밀한",1,1
26,accuse,v. 고발[비난]하다 혐의를 제기하다,1,1
27,ache,v. 아프다 / n. 아픔,1,1
28,achieve,"v. 달성하다, 잘 해내다",1,1
29,acid,n. 산(酸) / a. 산성(酸性)의,1,1
30,acknowledge,v. 인정하다,1,1
31,acquire,"v. 습득하다, 얻다",1,1
32,acquisition,"n. 습득, 획득",1,1
33,adapt,"v. 맞추다, 익숙해지다",1,1
34,addict,n. 중독자 / v. ~에 빠지게 하다,1,1
35,adequate,"a. 충분한, 적절한",1,1
36,adjust,"v. 조정하다, 적응하다",1,1
37,administer,"v. 관리하다, 집행하다",1,1
38,administration,"n. 관리, 경영",1,1
39,admire,"v. 존경하다, 감탄하다",1,1
40,admission,"n. 입장, 들어감",1,1
41,admit,v. 인정하다. 들어가게 하다,1,1
42,adolescent,n. 청소년 / a. 청소년기의,1,1
43,adopt,v. 입양하다. 채택하다,1,1
44,advance,"n. 전진 / v. 나아가게 하다, 나아가다",1,1
45,advantage,n. 유리한 점 / v. 유리하게 하다,1,1
46,adventure,"n. 모험, 모험심",1,1
47,adverse,"a. 부정적인, 불리한",1,1
48,advertize / advertise,"v. 광고하다, 알리다",1,1
49,advice,"n. 조언, 충고",1,1
50,advise,v. 조언하다 의논하다,1,1
51,advocate,v. 지지하다 / n. 옹호자,1,1
52,aesthetic,a. 심미적 / n. 미적 특질,1,1
53,affair,"n. 일, 문제",1,1
54,affect,"v. 영향을 미치다, 발생하다",1,1
55,affection,"n. 애착, 보살핌",1,1
56,afford,"v. 여유[형편]가 되다, ~할 수 있다",1,1
57,agency,"n. 대리점, 대행사",1,1
58,agenda,"n. 의제, 안건",1,1
59,agent,"n. 대리인, 중개상",1,1
60,aggress,v. 공격하다,1,1
61,aggressive,a. 공격적인,1,1
62,agriculture,"n. 농업, 농사",1,1
63,aid,n. 원조 / v. 돕다,1,1
64,aim,n. 목적 / v. 목표로 하다,1,1
65,airline,"n. 항공사, 정기 항공로",1,1
66,airport,n. 공항,1,1
67,alarm,"n. 불안, 경보기 / v. 불안하게 만들다",1,1
68,alert,a. 기민한 / v. 알리다 / n. 경계,1,1
69,alien,a. 생경한 / n. 외국인 체류자 / v. 양도하다,1,1
70,alike,a. 비슷한 / ad. 비슷하게,1,1
71,alive,"a. 살아 있는, 넘치는",1,1
72,allocate,"v. 할당하다, 분배하다",1,1
73,allow,"v. 허락하다, 인정하다",1,1
74,ally,n. 동맹국 / v. 동맹하다,1,1
75,alongside,prep. ~ 옆에 / ad. 나란히,1,1
76,aloud,"ad. 소리 내어, 큰소리로",1,1
77,alter,"v. 바꾸다, 바뀌다",1,1
78,alternate,a. 번갈아 생기는 / v. 번갈아 나오게 만들다,1,1
79,alternative,n. 대안 / a. 대체 가능한,1,1
80,although,conj. ~이긴 하지만,1,1
81,altogether,"ad. 완전히, 전적으로",1,1
82,amaze,v. 놀라게 하다,1,1
83,ambassador,"n. 대사, 사절",1,1
84,ambition,n. 야망 / v. 열망하다,1,1
85,ambitious,"a. 야심 있는, 야망을 가진",1,1
86,ambulance,n. 구급차,1,1
87,among,"prep. ~에 둘러싸여, ~의 가운데에",1,1
88,amount,n. 총액 / v. ~에 달하다,1,1
89,amuse,"v. 즐겁게 하다, 웃기다",1,1
90,analysis,n. 분석 연구,1,1
91,analyze / analyse,"v. 분석하다, 분해하다",1,1
92,anchor,"n. 닻, 진행자 / v. 닻을 내리다, 정박하다",1,1
93,ancient,a. 고대의 / n. 고대인,1,1
94,angel,"n. 천사, 천사 같은 사람",1,1
95,anger,n. 화 / v. 화나게 하다,1,1
96,angle,n. 각도 / v. 향하게 하다,1,1
97,anniversary,n. 기념일 / a. 해마다의,1,1
98,announce,"v. 발표하다, 알리다",1,1
99,annoy,v. 짜증 나게 하다. 귀찮게 하다,1,1
100,annual,a. 매년의 / n. 연감,1,1
101,ant,n. 개미,2,2
102,anticipate,"v. 예상하다, 예기하다",2,2
103,anxiety,"n. 불안(감), 염려",2,2
104,anxious,"a. 불안해하는, 염려하는",2,2
105,apart,"ad. 떨어져, 따로",2,2
106,apology,"n. 사과, 사죄",2,2
107,apparent,"a. 분명한, 명백한",2,2
108,appeal,"n. 간청, 매력 / v. 호소하다",2,2
109,appear,"v. ~인 것 같다, 나타나다",2,2
110,applicant,"n. 지원자, 신청자",2,2
111,apply,"v. 지원하다, 쓰다",2,2
112,appoint,"v. 임명하다, 지명하다",2,2
113,appreciate,v. 진가를 알아보다,2,2
114,approach,v. 다가가다 / n. 접근법,2,2
115,appropriate,a. 적절한 / v. 도용하다,2,2
116,approve,v. 찬성하다,2,2
117,approximate,"a. 거의 정확한 / v. 비슷하다, 가깝다",2,2
118,architect,"n. 건축가, 건축 기사",2,2
119,architecture,"n. 건축, 건축학",2,2
120,argue,"v. 언쟁을 하다, 주장하다",2,2
121,arise,"v. 생기다, 발생하다",2,2
122,army,"n. 군대, 육군",2,2
123,arrange,"v. 마련하다, 처리하다",2,2
124,arrest,"v. 체포하다, 심장이 멎다 / n. 체포, 저지",2,2
125,arrow,"n. 화살, 화살표",2,2
126,article,"n. 글, 기사",2,2
127,artifice,"n. 책략, 계략",2,2
128,artificial,"a. 인공의, 인조의",2,2
129,aside,ad. 한쪽으로 / n. 방백,2,2
130,asleep,"a. 잠이 든, 자고 있는",2,2
131,aspect,"n. 측면, 양상",2,2
132,aspire,"v. 열망하다, 염원하다",2,2
133,assault,n. 폭행(죄) / v. 폭행하다,2,2
134,assemble,"v. 모이다, 모으다",2,2
135,assert,v. 주장하다,2,2
136,assess,"v. 평가하다, 가늠하다",2,2
137,asset,"n. 자산, 이점",2,2
138,assign,"v. 맡기다, 선임하다, 양도하다",2,2
139,assignment,"n. 과제, 임무",2,2
140,assist,"v. 돕다, 어시스트하다 / n. 원조",2,2
141,assistant,n. 조수 / a. 보조하는,2,2
142,associate,v. 연상하다 / a. 제휴한 / n. 동료,2,2
143,assume,v. 가정하다,2,2
144,assure,"v. 장담하다, 확언하다",2,2
145,astonish,v. 깜짝 놀라게 하다,2,2
146,athlete,n. (운동) 선수,2,2
147,atmosphere,"n. 대기, 공기",2,2
148,atom,"n. 원자, 미립자",2,2
149,attach,v. 붙이다 연관되다,2,2
150,attack,"n. 공격, 폭행 / v. 공격하다, 폭행하다",2,2
151,attempt,n. 시도 / v. 시도하다,2,2
152,attend,"v. 참석하다, 주의를 기울이다",2,2
153,attention,n. 주의,2,2
154,attitude,"n. 태도, 마음가짐",2,2
155,attract,"v. 마음을 끌다, 매혹하다",2,2
156,attribute,v. 결과로 보다 / n. 자질,2,2
157,auction,n. 경매 / v. 경매로 팔다,2,2
158,audience,"n. 청중, 관중",2,2
159,authentic,"a. 진본인, 진품인",2,2
160,author,n. 작가 / v. 쓰다,2,2
161,automatic,a. 자동의 / n. 자동 권총[소총],2,2
162,avail,v. 도움이 되다 쓸모가 있다 / n. 소용,2,2
163,available,"a. 구할[이용할] 수 있는, 쓸모 있는",2,2
164,average,a. 평균의 / n. 평균 / v. 평균 ~이 되다,2,2
165,avoid,"v. 방지하다, 막다",2,2
166,await,"v. 기다리다, 대기하다",2,2
167,awake,"a. 잠들지 않은 / v. 깨다, 각성시키다",2,2
168,award,"n. 상 / v. 주다, 수여하다",2,2
169,aware,"a. 알고 있는, 의식[자각]하고 있는",2,2
170,awe,n. 경외감 / v. 경외심을 갖게 하다,2,2
171,awful,a. 끔찍한 / ad. 되게,2,2
172,awkward,"a. 어색한, 곤란한",2,2
173,background,"n. 배경, 경력",2,2
174,bacon,n. 베이컨,2,2
175,balance,n. 균형 / v. 균형을 유지하다,2,2
176,balloon,"n. 풍선 / v. 부풀다, 부풀게 하다",2,2
177,ban,v. 금지하다 / n. 금지,2,2
178,band,n. 밴드 / v. 띠를 두르다,2,2
179,bang,v. 쾅하고 치다 / n. 쾅하는 소리),2,2
180,bankrupt,a. 파산한 / n. 파산자 / v. 파산시키다,2,2
181,bar,"v. 빗장을 지르다, (길을) 막다[차단하다] / prep. ~을 제외하고",2,2
182,bare,"a. 벌거벗은, 노출된 / v. 벌거벗기다. 드러내다",2,2
183,bargain,n. 싸게 사는 물건 / v. 협상[흥정]하다,2,2
184,bark,"n. 나무껍질, 짖는 소리 / v. 껍질을 벗기다. 짖다",2,2
185,barrier,n. 장벽 / v. 방책으로 둘러싸다,2,2
186,basis,"n. 근거, 이유",2,2
187,battery,"n. 건전지, 배터리",2,2
188,battle,n. 전투 / v. 싸우다,2,2
189,bay,"n. 만(灣), 구역, 구간",2,2
190,beam,"n. 빛줄기, 광선 / v. 활짝 웃다, 보내다",2,2
191,bean,n. 콩,2,2
192,beard,n. (턱)수염,2,2
193,beast,"n. 짐승, 야수",2,2
194,beat,v. 두드리다 / n. 고동 / a. 녹초가 된,2,2
195,beer,"n. 맥주, 맥주 한잔",2,2
196,beg,"v. 간청하다, 애원하다",2,2
197,behalf,"n. 이익, 이로움",2,2
198,behave,"v. 처신하다, 예의 바르게 행동하다",2,2
199,behavio(u)r,"n. 처신, 행동",2,2
200,belief,"n. 신념, 확신",2,2
201,belong,"v. 속하다, 소속하다",3,3
202,bench,n. 벤치 / v. 벤치를 놓다,3,3
203,bend,"v. 굽히다, 숙이다 / n. 굽이, 굽은 곳",3,3
204,beneath,prep. 아래[밑]에 / ad. 아래쪽에,3,3
205,benefit,"n. 혜택 / v. 유익하다, 이득을 보다",3,3
206,bet,v. 돈을 걸다 / n. 내기,3,3
207,betray,"v. 넘겨주다, 배반하다",3,3
208,beyond,prep. ~ 저편에 / ad. 건너편에,3,3
209,bias,n. 편견 / v. 편견을 갖게 하다,3,3
210,billion,n. 10억 / a. 10억의,3,3
211,bin,n. 쓰레기통 / v. 상자에 넣다,3,3
212,bind,"v. 묶다, 굳다 / n. 곤경",3,3
213,biography,"n. 전기, 일대기",3,3
214,biology,"n. 생물학, 생명 작용",3,3
215,bit,"n. 조금, 약간",3,3
216,bite,v. 물다 / n. 물기,3,3
217,bitter,a. 격렬한 / n. 쓴맛,3,3
218,blame,v. ~을 탓하다 / n. 책임,3,3
219,blank,"a. 빈 / n. 빈칸 / v. 비우다, 멍해지다",3,3
220,blanket,n. 담요 / a. 전반적인 / v. 뒤덮다,3,3
221,blast,"n. 폭발 / v. 폭발시키다, 폭발하다",3,3
222,blend,"v. 섞다, 섞이다 / n. 혼합",3,3
223,bless,v. 가호를 빌다,3,3
224,blind,a. 눈이 먼 / v. 눈이 멀게 만들다,3,3
225,blink,v. (눈을) 깜박이다 / n. 눈을 깜박거림,3,3
226,block,n. 덩어리 / v. 막다,3,3
227,blonde,a. 금발인 / n. 금발 머리 여자,3,3
228,bloom,n. 꽃 / v. 꽃을 피우다,3,3
229,blossom,n. 꽃 / v. 꽃이 피다,3,3
230,blow,"v. 불다, 치다 / n. 한줄기 바람, 세게 때림, 개화",3,3
231,boil,v. 끓다. 끓이다 / n. 끓음,3,3
232,bold,a. 용감한 / n. 볼드체,3,3
233,bomb,"n. 폭탄 / v. 폭격하다, 질주하다",3,3
234,bond,"n. 끈 / v. 접착시키다, 유대감을 형성하다",3,3
235,boom,n. 쾅[탕] 하는 소리 / v. 쾅[탕] 하는 소리를 내다,3,3
236,boost,v. 신장시키다 / n. 격려,3,3
237,boot,"n. 부츠 / v. 세게 차다, 부팅되다",3,3
238,border,"n. 국경[경계] / v. 접하다, 인접하다",3,3
239,bore,"v. 지루하게 하다, 구멍을 뚫다 / n. 지겨운 사람, 구멍",3,3
240,boss,n. 상관 / v. 지휘하다 / a. 아주 좋은,3,3
241,bother,"v. 신경 쓰다, 귀찮게 하다 / n. 성가심",3,3
242,bounce,v. 튀다. 튀기다 / n. (공 등이) 튐,3,3
243,boundary,"n. 경계(선), 한계",3,3
244,bow,"v. 절하다, 허리를 굽히다, 활처럼 휘다 / n. 절, 활",3,3
245,bowl,"n. 그릇, 통, 공 / v. 공을 굴리다",3,3
246,brain,"n. 뇌, 지능 / v. 머리를 내리치다",3,3
247,brake,n. 브레이크 / v. 브레이크를 밟다,3,3
248,branch,"n. 나뭇가지 / v. 가지를 뻗다. 갈라지다, 가르다",3,3
249,brand,n. 상표 / v. 낙인을 찍다,3,3
250,breast,"n. 유방, 가슴 / v. 가슴으로 밀다",3,3
251,breath,"n. 숨, 호흡",3,3
252,breathe,"v. 호흡하다, 숨을 쉬다",3,3
253,breed,"v. 새끼를 낳다, 사육하다 / n. 품종",3,3
254,breeze,n. 산들바람 / v. 거침없이 움직이다,3,3
255,brick,"n. 벽돌, 블록",3,3
256,brief,a. 짧은 / n. 개요 / v. 알려주다,3,3
257,brilliant,"a. 아주 밝은, 눈부신",3,3
258,broad,"a. 넓은, 광범위한",3,3
259,broadcast,v. 방송하다 / n. 방송 / a. 방송의 / ad. 널리,3,3
260,brutal,"a. 잔혹한, 악랄한",3,3
261,brute,"n. 짐승, 짐승 같은 인간 / a. 횡포한",3,3
262,bubble,"n. 거품 / v. 거품이 일다, 거품을 일으키다",3,3
263,budget,n. 예산 / v. 예산을 세우다 / a. 저가의,3,3
264,bug,n. 벌레 / v. 도청장치를 달다,3,3
265,bulk,"n. 대부분, 규모 / v. 부피가 커지다",3,3
266,bull,"n. 황소, 수컷",3,3
267,bully,n. 괴롭히는 사람 / v. 괴롭히다,3,3
268,bump,v. 부딪치다 / n. 쿵,3,3
269,bunch,n. 다발 / v. 다발로 묶다,3,3
270,bundle,"n. 꾸러미 / v. 마구 밀어 넣다, 짐을 꾸리다",3,3
271,burden,"n. 부담, 짐 / v. 부담[짐]을 지우다",3,3
272,burst,"v. 터지다, 터뜨리다",3,3
273,bury,"v. 묻다, 매장하다",3,3
274,bush,"n. 관목, 덤불",3,3
275,butcher,n. 정육점 주인 / v. 잔인하게 살해하다,3,3
276,buzz,v. 윙윙거리다 / n. 윙윙거림,3,3
277,cable,n. 굵은 밧줄 / v. 전보를 보내다,3,3
278,cage,n. (짐승의) 우리 / v. 우리에 넣다,3,3
279,calculate,"v. 계산하다, 산출하다",3,3
280,calculator,n. 계산기,3,3
281,calendar,"n. 달력, 일정표",3,3
282,calm,a. 침착한 / v. 진정시키다 / n. 평온,3,3
283,cancel,v. 취소하다 / n. 취소,3,3
284,cancer,"n. 암, 해악",3,3
285,candidate,"n. 입후보자, 후보(자)",3,3
286,canvas,"n. 캔버스 천, 화폭",3,3
287,capable,"a. ~을 할 수 있는, 유능한",3,3
288,cape,"n. 망토, 곶, 갑",3,3
289,capital,n. 수도 / a. 주요한,3,3
290,captain,n. 선장 / v. 통솔하다,3,3
291,capture,v. 붙잡다 / n. 생포,3,3
292,career,"n. 직업, 경력 / v. 달리다, 질주하다",3,3
293,carpet,n. 카펫 / v. 카펫을 깔다,3,3
294,cart,n. 수레 / v. 운반하다,3,3
295,carve,"v. 조각하다, 새기다, 고기를 잘라 내다",3,3
296,cast,"v. 던지다, 배역을 정하다 / n. 출연자들",3,3
297,castle,n. 성 / v. 성을 쌓다,3,3
298,catalog(ue),n. 목록 / v. 목록을 만들다,3,3
299,category,"n. 범주, 부문",3,3
300,cater,"v. 음식을 공급하다, 부응하다",3,3
301,cattle,"n. 소, 들소",4,4
302,causal,"a. 원인의, 원인이 되는",4,4
303,cause,n. 원인 / v. ~을 야기하다,4,4
304,caution,"n. 조심, 신중, 주의 / v. 경고하다",4,4
305,cave,"n. 굴, 동굴 / v. 굴을 파다, 함몰하다",4,4
306,cease,"v. 중단시키다, 중단되다",4,4
307,ceiling,"n. 천장, 최고 한도",4,4
308,celebrate,"v. 기념하다, 축배를 들다",4,4
309,celebrity,"n. 유명 인사, 명사",4,4
310,cell,n. 세포,4,4
311,censor,n. 검열관 / v. 검열하다,4,4
312,century,"n. 100년, 세기",4,4
313,certificate,n. 증서 / v. 증명서를 주다,4,4
314,chain,n. 사슬 / v. (사슬로 묶다,4,4
315,chairman,"n. 의장, 회장",4,4
316,challenge,"n. 도전 / v. 도전하다, 이의를 제기하다",4,4
317,chamber,n. 회관 / v. 방에 가두다 / a. 실내악의,4,4
318,champion,n. 챔피언 / a. 우승한 / v. 싸우다,4,4
319,channel,n. 채널 / v. (돈·감정·생각 등을) (~에) 쏟다,4,4
320,chaos,"n. 혼돈, 혼란",4,4
321,character,"n. 성격, 기질",4,4
322,characteristic,a. 특유의 / n. 특징,4,4
323,charge,n. 요금 / v. 청구하다,4,4
324,charity,"n. 자선[구호] 단체, 자선",4,4
325,charm,"n. 매력 / v. 매혹하다, 매력을 가지다",4,4
326,chart,n. 도표 / v. 기록하다,4,4
327,chase,"v. 뒤쫓다, 추적하다 / n. 추적",4,4
328,chat,v. 담소[이야기]를 나누다 / n. 담소,4,4
329,cheek,n. 볼 / v. 무례[뻔뻔]하게 말하다,4,4
330,cheer,"n. 환호(성) / v. 환호하다, 기운이 나다",4,4
331,chef,"n. 요리사, 주방장",4,4
332,chemical,a. 화학의 / n. 화학 물질,4,4
333,chest,"n. 가슴, 흉부",4,4
334,chew,v. 씹다 / n. 씹기,4,4
335,chief,a. 주된 / n. 우두머리,4,4
336,chill,"n. 냉기 / v. 차게 식히다, 차게 식다 / a. 쌀쌀한",4,4
337,chin,n. 턱 / v. 턱걸이를 하다,4,4
338,chip,n. 이가 빠진 흔적 / v. 이가 빠지다,4,4
339,choice,n. 선택 / a. 아주 좋은,4,4
340,choir,n. 합창단 / v. 합창하다,4,4
341,chop,v. 자르다 / n. 자르기,4,4
342,chorus,n. 후렴 / v. 합창을 하다,4,4
343,chronic,"a. 만성적인, 장기간에 걸친",4,4
344,cigarette,"n. 담배, 궐련",4,4
345,cinema,"n. 영화관, 극장",4,4
346,circulate,"v. 순환시키다, 순환하다",4,4
347,circumstance,"n. 환경, 상황",4,4
348,cite,"v. 예를 들다, 언급하다",4,4
349,citizen,"n. 시민, 주민",4,4
350,civil,"a. 시민의, 민간의",4,4
351,claim,v. 주장하다 / n. 주장,4,4
352,clap,v. 박수를 치다 / n. 박수,4,4
353,clash,n. 충돌 / v. 맞붙다,4,4
354,clause,"n. 절, 조항",4,4
355,client,"n. 의뢰인, 고객",4,4
356,climate,"n. 기후, 지역",4,4
357,clay,n. 점토 / v. 점토를 바르다,4,4
358,clerk,n. 직원 / v. 직원으로 일하다,4,4
359,click,v. 찰칵하는 소리를 내다 / n. 찰칵하는 소리,4,4
360,cliff,"n. 절벽, 낭떠러지",4,4
361,cling,"v. 꼭 붙잡다, 매달리다",4,4
362,clinic,"n. 병원, 병동",4,4
363,clip,"n. 핀, 자르기 / v. 클립[핀]으로 고정하다, 잘라내다",4,4
364,clue,n. 단서 / v. 암시를 주다,4,4
365,cluster,"n. 무리 / v. 무리를 이루다, 떼를 짓게 하다",4,4
366,coach,n. 코치 / v. 지도하다,4,4
367,coal,"n. 석탄, 석탄 조각",4,4
368,coast,n. 해안 / v. 관성으로 나아가다,4,4
369,code,n. 암호 / v. 부호로 처리하다,4,4
370,coin,n. 동전 / v. 만들다,4,4
371,coincide,"v. 동시에 일어나다, 일치하다",4,4
372,collaborate,"v. 협력하다, 공동으로 작업하다",4,4
373,collapse,"v. 붕괴되다, 접다 / n. 실패",4,4
374,collar,n. 옷깃 / v. 붙잡다,4,4
375,colleague,n. 동료,4,4
376,colony,"n. 식민지, 식민지 이민단",4,4
377,column,"n. 기둥, 원주",4,4
378,combat,"n. 싸움 / v. 싸우다, 전투하다",4,4
379,combine,"v. 결합하다, 결합되다 / n. 연합체",4,4
380,comedy,"n. 코미디, 희극",4,4
381,comfort,n. 안락 / v. 위로하다,4,4
382,comfortable,"a. 편한, 쾌적한",4,4
383,command,n. 명령 / v. 명령하다,4,4
384,comment,n. 논평 / v. 논평하다,4,4
385,commerce,"n. 무역, 통상, 상업",4,4
386,commission,n. 위원회 / v. 의뢰하다,4,4
387,commit,"v. 저지르다, 전념하다",4,4
388,committee,n. 위원회,4,4
389,commodity,"n. 상품, 물품",4,4
390,common,a. 흔한 / n. 공유지,4,4
391,communicate,"v. (생각 등을) 전하다, 연락을 주고받다",4,4
392,communication,"n. 의사소통, 통신",4,4
393,communist,n. 공산주의자 / a. 공산주의(자)의,4,4
394,community,"n. 주민, 지역 사회",4,4
395,companion,n. 동반자 / v. 동행하다,4,4
396,compare,"v. 비교하다, 필적하다 / n. 비교",4,4
397,compatible,"a. 호환이 되는, 양립될 수 있는",4,4
398,compel,"v. 강요하다, 강제하다",4,4
399,compensate,"v. 보상하다, 보상금을 주다",4,4
400,compete,"v. 경쟁하다, 겨루다",4,4
401,competent,"a. 유능한, 능숙한",5,5
402,compile,"v. 엮다, 편집하다",5,5
403,complain,"v. 불평하다, 투덜대다",5,5
404,complement,v. 보완하다 / n. 보완물,5,5
405,complete,a. 완벽한 / v. 완전[완벽]하게 만들다,5,5
406,complex,a. 복잡한 / n. 복합 건물,5,5
407,complexity,"n. 복잡성, 복잡함",5,5
408,complicate,v. 복잡하게 만들다 / a. 복잡한,5,5
409,component,n. 요소 / a. 구성하고 있는,5,5
410,compose,"v. 구성하다, 글을 쓰다",5,5
411,compound,n. 혼합물 / a. 합성의 / v. 섞다,5,5
412,comprehend,"v. 이해하다, 알다",5,5
413,comprehensive,a. 포괄적인,5,5
414,comprise,"v. ~으로 이뤄지다, 구성하다",5,5
415,compromise,"n. 타협 / v. 타협하다, 양보하다",5,5
416,conceal,"v. 감추다, 숨기다",5,5
417,conceive,"v. 생각하다, 이해하다",5,5
418,concentrate,"v. 집중시키다, 집중하다 / n. 농축물",5,5
419,concept,"n. 개념, 관념",5,5
420,concern,"v. 관련되다, 걱정시키다 / n. 걱정",5,5
421,concert,n. 음악회 / v. 협력하다,5,5
422,conclude,"v. 결론을 내리다, 말을 끝맺다",5,5
423,concrete,"a. 콘크리트로 된, 구체적인 / n. 콘크리트 / v. 콘크리트를 바르다",5,5
424,condemn,"v. 규탄하다, 비난하다",5,5
425,conduct,"v. 행동하다, 지휘하다 / n. 행동",5,5
426,confer,"v. 상의하다, 수여하다",5,5
427,confess,"v. 자백하다, 고백하다",5,5
428,confide,"v. 털어놓다, 신뢰하다",5,5
429,confident,a. 자신감 있는,5,5
430,confine,"v. 국한시키다, 인접하다 / n. 경계",5,5
431,confirm,"v. 사실임을 보여주다, 확인해 주다",5,5
432,conflict,n. 충돌 / v. 상충하다,5,5
433,conform,"v. 따르다, 일치시키다",5,5
434,confront,"v. 닥치다, 맞서다",5,5
435,confuse,"v. 혼란시키다, 혼동하다",5,5
436,congress,"n. 회의, 의회",5,5
437,connect,v. 잇다. 이어지다,5,5
438,conscience,"n. 양심, 가책",5,5
439,conscious,"a. 의식하는, 자각하는",5,5
440,consent,n. 동의 / v. 동의하다,5,5
441,conserve,"v. 아끼다, 보존하다 / n. 과일 설탕 조림",5,5
442,consider,"v. 고려하다, 잘 생각해 보다",5,5
443,consist,v. 되어 있다. 이루어져 있다,5,5
444,consistent,"a. 한결같은, 일관된",5,5
445,constant,a. 끊임없는 / n. 정수,5,5
446,constitute,"v. ~이 되다, 구성하다",5,5
447,constitution,"n. 헌법, 체질, 구성",5,5
448,constrain,"v. ~하게 만들다, 강요하다",5,5
449,construct,v. 건설하다 / n. 구성 개념,5,5
450,construction,"n. 건설, 공사",5,5
451,consult,"v. 상담하다, 상의하다",5,5
452,consume,"v. 소비하다, 소비되다",5,5
453,consumer,n. 소비자,5,5
454,consumption,"n. 소비, 소모",5,5
455,contact,"n. 닿음 / v. 접촉시키다, 접촉하다",5,5
456,contain,"v. 포함하다, 함유하다",5,5
457,contemporary,"a. 동시대의, 현대의 / n. 동시대인",5,5
458,contend,"v. 주장하다, 논쟁하다",5,5
459,content,"n. 내용(물), 만족(감) / a. 만족하는 / v. 만족시키다",5,5
460,contest,n. 대회 / v. 경쟁을 벌이다,5,5
461,context,"n. 맥락, 전후 사정",5,5
462,continent,"n. 대륙, 육지 / a. 자제하는, 절제하는",5,5
463,continue,"v. 계속하다, 계속되다",5,5
464,contract,"n. 계약 / v. 계약하다, 줄다",5,5
465,contradict,"v. 부정하다, 모순되다",5,5
466,contrary,a. 다른 / n. 반대 / ad. 반대로,5,5
467,contrast,"n. 대조 / v. 대조하다, 대조를 이루다",5,5
468,contribute,"v. 기부하다, 기증하다",5,5
469,controversy,"n. 논란, 논쟁",5,5
470,convene,"v. 소집하다, 회합하다",5,5
471,convenient,"a. 편리한, 간편한",5,5
472,convention,"n. 관습, 관례",5,5
473,conversation,"n. 대화, 담화",5,5
474,converse,"v. 대화를 나누다 / n. 담화, 정반대 / a. 반대의",5,5
475,convert,v. 전환시키다 전환되다 / n. 개종자,5,5
476,convey,"v. 전달하다, 전하다",5,5
477,convict,v. 유죄를 선고하다 / n. 죄수,5,5
478,convince,"v. 납득시키다, 확신시키다",5,5
479,cooperate,"v. 협력하다, 합동하다",5,5
480,coordinate,v. 조직화하다 / a. 동격의,5,5
481,cop,"n. 경찰관, 체포 / v. 붙잡다, 체포하다",5,5
482,cope,"v. 대처하다, 대응하다",5,5
483,copy,n. 복사 / v. 복사하다,5,5
484,copyright,n. 저작권 / a. 저작권 보호를 받는 / v. 저작권을 보호하다,5,5
485,cord,n. 끈 / v. 끈으로 묶다,5,5
486,core,"n. 중심, 속 / a. 핵심적인 / v. 가운데를 파내다",5,5
487,corn,n. 곡식 / v. 작은 알갱이로 만들다,5,5
488,corporate,"a. 기업의, 회사의",5,5
489,corporation,"n. 기업, 회사",5,5
490,correct,a. 맞는 / v. 바로잡다,5,5
491,correspond,v. 일치하다 부합하다,5,5
492,corridor,"n. 복도, 회랑",5,5
493,corrupt,"a. 부패한 / v. 부패하게 만들다, 부패하다",5,5
494,costume,n. 의상 / v. 의상을 입히다,5,5
495,cottage,"n. 작은 집, 오두막집",5,5
496,cotton,"n. 목화, 면직물",5,5
497,cough,v. 기침하다 / n. 기침,5,5
498,council,"n. 의회, 회의",5,5
499,counsel,n. 조언 / v. 상담을 하다,5,5
500,count,v. 세다 / n. 셈,5,5
501,counter,"n. 계산대, 판매대",6,6
502,counterpart,"n. 상대, 대응 관계에 있는 사람[것]",6,6
503,countryside,"n. 시골 지역, 전원 지대",6,6
504,county,n. 자치주,6,6
505,coupon,"n. 쿠폰, 할인권",6,6
506,courage,"n. 용기, 담력",6,6
507,crack,v. 갈라지다 / n. 금,6,6
508,craft,n. (수)공예 / v. 공예품을 만들다,6,6
509,crash,n. 사고 / v. 충돌하다,6,6
510,crawl,"v. 기다, 자주 드나들다 / n. 기어가기",6,6
511,craze,n. 대유행 / v. 미치게 하다,6,6
512,crazy,a. 정상이 아닌 / n. 미치광이,6,6
513,create,"v. 창조하다, 창조적인 일을 하다",6,6
514,creature,"n. 생물, 생명이 있는 존재",6,6
515,credible,"a. 믿을 수 있는, 신뢰할 수 있는",6,6
516,credit,n. 신용 거래 / v. 입금하다 / a. 신용 거래의,6,6
517,creep,v. 살금살금 움직이다 기다,6,6
518,crew,n. 승무원 / v. 승무원을 하다,6,6
519,crime,"n. 범죄, 범행",6,6
520,criminal,"a. 범죄의 / n. 범인, 범죄자",6,6
521,crisis,"n. 위기, 최악의 고비",6,6
522,crisp,a. 바삭바삭한 / n. 감자칩 / v. 바삭바삭하게 만들다,6,6
523,criterion,n. 기준,6,6
524,critic,"n. 비평가, 평론가",6,6
525,criticism,"n. 비판, 비난",6,6
526,criticize / criticise,"v. 비판하다, 비난하다",6,6
527,crop,n. (농작물 / v. 심다,6,6
528,crowd,"n. 사람들, 군중 / v. 가득 메우다, 떼 지어 모이다",6,6
529,crown,n. 왕관 / v. 왕관을 씌우다,6,6
530,crucial,"a. 중대한, 결정적인",6,6
531,cruel,"a. 잔혹한, 잔인한",6,6
532,cruise,n. 유람선 여행 / v. 유람선을 타고 다니다,6,6
533,crush,"v. 으스러뜨리다, 잔뜩 몰려들다 / n. 잔뜩 몰려든 군중",6,6
534,crystal,n. 결정체 / a. 수정의,6,6
535,cultivate,"v. 경작하다, 일구다",6,6
536,cure,"v. 낫게 하다, 병이 낫다 / n. 치유(법)",6,6
537,curiosity,"n. 호기심, 진기함",6,6
538,curious,"a. 궁금한, 알고 싶어 하는",6,6
539,curl,v. 곱슬곱슬하다 / n. 곱슬곱슬한 머리카락,6,6
540,currency,"n. 통화, 통용",6,6
541,current,"a. 현재의 / n. 흐름, 전류",6,6
542,curriculum,"n. 교육[교과] 과정, 이수 과정",6,6
543,curry,n. 카레 / v. 카레 요리를 하다,6,6
544,curse,n. 욕(설) / v. 욕을 하다,6,6
545,curve,n. 곡선 / v. 곡선으로 나아가다,6,6
546,custody,"n. 양육권, 보호",6,6
547,custom,n. 관습 / a. 주문 제작의,6,6
548,cute,"a. 귀여운, 매력적인",6,6
549,cycle,n. 자전거 / v. 자전거를 타다. 순환시키다,6,6
550,cyclist,n. 자전거 타는 사람,6,6
551,cynical,"a. 냉소적인, 비꼬는",6,6
552,dairy,n. 낙농장 / a. 유제품의,6,6
553,damage,"n. 손상 / v. 손상을 주다, 손상되다",6,6
554,damp,a. 축축한 / n. 축축한 상태 / v. 축축하게 하다,6,6
555,dare,v. 감히 ~하다 / n. 모험,6,6
556,darling,n. 여보 / a. 가장 사랑하는,6,6
557,dash,n. 돌진 / v. 서둘러 가다,6,6
558,data,n. (sing. datum) 자료정보,6,6
559,database,n. 데이터베이스,6,6
560,datum,"n. 자료, 정보",6,6
561,dawn,n. 새벽 / v. 밝다,6,6
562,deal,"v. 다루다, 나누어 주다 / n. 거래",6,6
563,debate,n. 토론 / v. 토론하다,6,6
564,debt,"n. 빚, 부채",6,6
565,decade,"n. 10년, 10권",6,6
566,decay,"n. 부패 / v. 부패하다, 부패시키다",6,6
567,decent,"a. 괜찮은, 제대로 된",6,6
568,deck,n. 갑판 / v. 꾸미다,6,6
569,declare,"v. 선언하다, 신고하다",6,6
570,declension,n. 기울어짐,6,6
571,decline,"n. 감소 / v. 줄어들다, 거절하다",6,6
572,decorate,"v. 장식하다, 꾸미다",6,6
573,decrease,v. 줄다 줄이다 / n. 감소,6,6
574,dedicate,"v. 바치다, 전념하다",6,6
575,defeat,v. 패배시키다 / n. 패배,6,6
576,defend,"v. 방어하다, 수비하다",6,6
577,defendant,n. 피고 / a. 피고의,6,6
578,defense defence,"n. 방어, 옹호",6,6
579,deficiency,"n. 결핍, 부족",6,6
580,deficit,"n. 적자, 부족액",6,6
581,define,"v. 정의하다, 규정하다",6,6
582,definite,a. 확실한 / n. 확실한 것[사람],6,6
583,degree,"n. 도, 정도",6,6
584,delay,"n. 지연 / v. 연기하다, 지체하다",6,6
585,delegate,"n. 대표 / v. 위임하다, 선정하다",6,6
586,delete,"v. 삭제하다, 지우다",6,6
587,deliberate,a. 고의의 / v. 숙고하다,6,6
588,delicate,"a. 연약한, 다치기 쉬운",6,6
589,delight,"n. 기쁨 / v. 기쁨을 주다, 기뻐하다",6,6
590,deliver,v. 배달하다 / v. 출산하다,6,6
591,demand,"n. 요구 / v. 요구하다, 필요로 하다",6,6
592,democracy,"n. 민주주의, 민주 국가",6,6
593,democrat,"n. 민주주의자, 민주주의 옹호자",6,6
594,demon,"n. 악령, 악마",6,6
595,demonstrate,"v. 입증하다, 시위를 하다",6,6
596,dense,"a. 빽빽한, 밀집한",6,6
597,dentist,"n. 치과 의사, 치과",6,6
598,deny,"v. 부인하다, 부정하다",6,6
599,depart,"v. 떠나다, 출발하다",6,6
600,department,"n. 부서, 부처",6,6
601,departure,"n. 떠남, 출발",7,7
602,depend,"v. 의존하다, 의지하다",7,7
603,dependence,"n. 의존, 의지",7,7
604,depict,"v. 그리다, 표현하다",7,7
605,deposit,"n. 착수금 / v. 두다, 침전되다",7,7
606,depress,v. 우울하게 만들다,7,7
607,deprive,"v. 빼앗다, 박탈하다",7,7
608,derive,"v. 얻다, 유래하다",7,7
609,descend,"v. 내려오다, 내려가다",7,7
610,describe,"v. 말하다, 서술하다",7,7
611,description,"n. 서술, 기술",7,7
612,desert,n. 사막 / v. 버리다,7,7
613,deserve,v. ~할[받을] 만하다,7,7
614,designate,v. 지정하다 / a. 지명된,7,7
615,desire,n. 욕구 / v. 바라다,7,7
616,despair,n. 절망 / v. 절망하다,7,7
617,desperate,a. 자포자기한,7,7
618,despite,prep. ~에도 불구하고 / n. 무례,7,7
619,destination,"n. 목적지, 도착지",7,7
620,destine,"v. 미리 정해 두다, 운명 짓다",7,7
621,destiny,"n. 운명, 숙명",7,7
622,destroy,"v. 파괴하다, 말살하다",7,7
623,destruct,"a. 파괴용의 / n. 자폭 / v. 자폭시키다, 자폭하다",7,7
624,destruction,"n. 파괴, 파멸",7,7
625,detach,"v. 떼어내다, 분리되다",7,7
626,detail,n. 세부 사항 / v. 상세히 알리다,7,7
627,detect,"v. 발견하다, 알아내다",7,7
628,determine,"v. 알아내다, 결정하다",7,7
629,develop,"v. 성장[발달]시키다, 성장 [발달]하다",7,7
630,device,"n. 장치, 기구",7,7
631,devil,"n. 악마, 악령",7,7
632,devise,v. 창안하다,7,7
633,devote,"v. 바치다, 쏟다",7,7
634,diabetes,n. 당뇨병,7,7
635,diary,"n. 수첩, 메모장",7,7
636,dictate,v. 받아쓰게 하다 / n. 명령,7,7
637,dictionary,n. 사전 / a. 사전의,7,7
638,diet,"n. 식사, 식습관 / v. 다이어트를 하다",7,7
639,differ,"v. 다르다, 상이하다",7,7
640,different,"a. 다른, 차이가 나는",7,7
641,dig,"v. 파다, 뒤지다 / n. 쿡 찌름",7,7
642,dignity,"n. 위엄, 품위",7,7
643,dimension,"n. 크기, 치수",7,7
644,diminish,"v. 줄어들다, 줄이다",7,7
645,dine,"v. 식사를 하다, 식사를 대접하다",7,7
646,dip,"v. 살짝 담그다, 내려가다 / n. 담그기",7,7
647,diplomat,"n. 외교관, 외교[사교]에 능한 사람",7,7
648,direct,"a. 직접적인 / v. 향하게 하다, 지도하다 / ad. 직행으로",7,7
649,dirt,"n. 먼지, 때",7,7
650,dirty,"a. 더러운 / v. 더럽히다, 더러워지다",7,7
651,disabled,a. 장애를 가진,7,7
652,disadvantage,n. 불리한 점 / v. 불리하게 하다,7,7
653,disappear,"v. 보이지 않게 되다, 사라지다",7,7
654,disappoint,"v. 실망시키다, 좌절시키다",7,7
655,disaster,"n. 참사, 재난",7,7
656,disc,n. 동글납작한 판 / v. 음반에 녹음하다,7,7
657,discharge,"v. 해방시키다, (기체·액체가) 흐르다 / n. 방출",7,7
658,discipline,n. 규율 / v. 훈육하다,7,7
659,discount,n. 할인 / v. 할인하다 / a. 할인 판매의,7,7
660,discourage,"v. 막다, 말리다",7,7
661,discourse,n. 담론 / v. 담화하다,7,7
662,discriminate,"v. 식별하다, 구별하다 / a. 식별된",7,7
663,disease,"n. 병, 질병",7,7
664,disgust,n. 혐오감 / v. 혐오감을 유발하다,7,7
665,dish,"n. 접시 / v. 접시에 담다, 오목해지다",7,7
666,dismiss,"v. 해고하다, 해산하다 / n. 해산",7,7
667,disorder,n. 엉망 / v. 어지럽히다,7,7
668,display,"v. 전시하다 / n. 전시, 진열",7,7
669,dispose,"v. 배열하다, 처리하다, 일의 성패를 결정하다",7,7
670,dispute,"n. 분쟁 / v. 반박하다, 논쟁하다",7,7
671,disrupt,v. 방해하다 / a. 분열된,7,7
672,distance,n. 거리 / v. 거리를 두다,7,7
673,distinct,"a. 뚜렷한, 분명한",7,7
674,distinguish,"v. 구별하다, 판별하다",7,7
675,distort,"v. 비틀다, 왜곡하다, 일그러뜨리다",7,7
676,distract,"v. 집중이 안 되게 하다, 산만하게 하다",7,7
677,distribute,"v. 나누어 주다, 분배하다",7,7
678,district,"n. 지구, 지역 / v. 구역으로 나누다",7,7
679,disturb,"v. 방해하다, 건드리다",7,7
680,dive,v. 뛰어들다 / n. 뛰어들기,7,7
681,diverse,"a. 다양한, 다른",7,7
682,divide,"v. 나누다, 나뉘다 / n. 분할",7,7
683,divine,a. 신성한 / v. 알다,7,7
684,divorce,n. 이혼 / v. 이혼하다,7,7
685,document,n. 서류 / v. 기록하다,7,7
686,dolphin,n. 돌고래,7,7
687,domain,"n. 영역, 분야",7,7
688,domestic,a. 국내의 / n. 가정부,7,7
689,dominant,a. 우세한 / n. 주요[우세]한 것,7,7
690,dominate,"v. 지배하다, 우위를 차지하다",7,7
691,donate,v. 기부하다,7,7
692,dose,"n. 복용량 / v. 투약하다, 약을 복용하다",7,7
693,dot,n. 점 / v. 점을 찍다 여기저기 흩어 놓다,7,7
694,doubt,n. 의심 / v. 의심하다,7,7
695,dozen,n. 12개짜리 한 묶음 / a. 십여개의,7,7
696,draft,n. 원고 / a. 초안의 / v. 초안[원고]을 작성하다,7,7
697,drag,v. 끌다,7,7
698,drain,v. 물을 빼내다. 물이 빠지다 / n. 배수관,7,7
699,drama,"n. 희곡, 각본",7,7
700,dread,v. 몹시 무서워하다 / n. 두려움 / a. 두려운,7,7
701,drill,"n. 드릴 / v. 구멍을 뚫다, 반복 연습[훈련]을 하다",8,8
702,drown,"v. 익사시키다, 물에 빠져 죽다",8,8
703,drug,n. 약물 / v. 약물을 투여하다,8,8
704,dual,"a. 둘의, 이중의",8,8
705,due,a. ~로 인한,8,8
706,dull,"a. 따분한, 흐릿한 / v. 둔하게 하다, 둔해지다",8,8
707,dump,"v. 버리다, 떨어지다 / n. 폐기장",8,8
708,dust,n. 흙먼지 / v. 먼지를 털다,8,8
709,duty,"n. 의무, 본분",8,8
710,dwell,v. 살다 / n. 운전 정지,8,8
711,dynamic,n. 역학 / a. 정력적인,8,8
712,each,pron. 각각 / a. 각각의 / ad. 각각에,8,8
713,eager,"a. 열렬한, 간절히 바라는",8,8
714,earn,"v. 벌다, (수익 등을) 올리다",8,8
715,ease,"n. 쉬움, 편안함 / v. 편하게 해 주다, 편해지다",8,8
716,easy,a. 쉬운 / ad. 느긋하게,8,8
717,economy,"n. 경제, 경기",8,8
718,edge,"n. 끝 / v. 테두리를 두르다, 조금씩 움직이다",8,8
719,edit,"v. 수정하다, 편집하다 / n. 편집",8,8
720,educate,"v. 교육하다, 가르치다",8,8
721,effect,n. 영향 / v. 가져오다,8,8
722,effective,"a. 효과적인, 실질적인",8,8
723,efficient,"a. 능률적인, 효율적인",8,8
724,effort,"n. 노력, 분투",8,8
725,either,pron. 어느 하나 / a. 어느 하나의 / ad. ~도 또한,8,8
726,elaborate,a. 정교한 / v. 자세히 설명하다,8,8
727,elect,v. 선출하다 / a. 당선된,8,8
728,electric,a. 전기의 / n. 전기 장치,8,8
729,electronic,"a. 전자의, 전자 공학의",8,8
730,elegant,"a. 우아한, 품위 있는",8,8
731,element,"n. 요소, 성분",8,8
732,elementary,"a. 초보의, 초급의",8,8
733,elevate,"v. 올리다, 들어올리다",8,8
734,elevator,"n. 엘리베이터, 승강기",8,8
735,eliminate,"v. 없애다, 제거하다",8,8
736,elite,n. 엘리트 / a. 엘리트의,8,8
737,else,a. 또[그 밖의] 다른 / ad. 그 밖에,8,8
738,embarrass,"v. 당황스럽게 만들다, 어색하게 하다",8,8
739,embassy,n. 대사관,8,8
740,embrace,"v. 껴안다, 받아들이다 / n. 포옹",8,8
741,emerge,"v. 나오다, 모습을 드러내다",8,8
742,emergence,"n. 나타남, 출현",8,8
743,emergency,n. 비상 / a. 비상시를 위한,8,8
744,emission,"n. 배출, 방사",8,8
745,emit,"v. 내다, 내뿜다",8,8
746,emotion,"n. 감정, 정서",8,8
747,emphasis,"n. 강조, 역점",8,8
748,emphasize,"v. 강조하다, 두드러지게 하다",8,8
749,empire,"n. 제국, 거대 기업",8,8
750,employ,v. 고용하다 / n. 고용,8,8
751,empty,"a. 빈 / v. 비우다, 비게 되다",8,8
752,encounter,"v. (우연히) 만나다 / n. 만남, 조우",8,8
753,encourage,"v. 격려하다, 용기를 북돋우다",8,8
754,endure,"v. 참다, 견뎌내다",8,8
755,enemy,"n. 적, 장애물",8,8
756,enforce,"v. 집행하다, 실행하다",8,8
757,engage,"v. 관여하게 하다, 고용되다, 약속하다",8,8
758,engine,"n. 엔진, 기관",8,8
759,engineer,n. 기사 / v. 기사로 일하다,8,8
760,enhance,v. 높이다 올리다,8,8
761,enjoy,"v. 즐기다, 즐거운 시간을 보내다",8,8
762,enormous,"a. 막대한, 거대한",8,8
763,enrol(1),"v. 명부에 올리다, 입학하다",8,8
764,enterprise,"n. 기업, 회사",8,8
765,entertain,"v. 즐겁게 하다, 접대하다",8,8
766,enthusiastic,"a. 열렬한, 열광적인",8,8
767,entire,a. 전체의 / n. 전부,8,8
768,entitle,"v. 자격[권리]을 주다, 제목을 붙이다",8,8
769,entry,"n. 들어감, 입장",8,8
770,envelope,"n. 봉투, 덮개",8,8
771,environ,"v. 둘러싸다, 에워싸다",8,8
772,environment,"n. 환경, 주위",8,8
773,envy,n. 부러움 / v. 부러워하다,8,8
774,equal,a. 동일한 / n. 동등한 사람[것] / v. ~과 같다,8,8
775,equip,v. 장비를 갖추다,8,8
776,equipment,"n. 장비, 용품",8,8
777,era,"n. 연대, 시대",8,8
778,erase,"v. 지워 버리다, 없애다",8,8
779,eraser,"n. 지우개, 지우는 사람",8,8
780,erect,"a. 똑바로 선 / v. 건립하다, 똑바로 서다",8,8
781,err,"v. 실수하다, 잘못하다",8,8
782,error,"n. 실수, 오류",8,8
783,escape,"v. 달아나다, 피하다 / n. 탈출",8,8
784,especial,"a. 특별한, 각별한",8,8
785,especially,"ad. 특히, 특별히",8,8
786,essay,n. 수필 / v. 시도하다,8,8
787,essence,"n. 본질, 정수",8,8
788,essential,a. 필수적인 / n. 필수[기본]적인 것,8,8
789,establish,"v. 설립하다, 수립하다",8,8
790,estate,"n. 사유지, 토지",8,8
791,estimate,n. 추정 / v. 추정하다,8,8
792,ethic,"n. 윤리, 도덕",8,8
793,ethical,"a. 윤리적인, 도덕상의",8,8
794,ethnic,a. 민족의 / n. 소수 민족,8,8
795,evacuate,"v. 대피시키다, 대피하다",8,8
796,evaluate,"v. 평가하다, 감정하다",8,8
797,even,ad. ~마저 / a. 평평한,8,8
798,event,"n. 사건, 일",8,8
799,eventually,"ad. 결국, 마침내",8,8
800,ever,"ad. 언제든, 한번이라도",8,8
801,evidence,n. 증거 / v. 입증하다,9,9
802,evil,a. 사악한 / n. 악,9,9
803,evitable,a. 피할 수 있는,9,9
804,evolution,"n. 진화, 발전",9,9
805,evolve,"v. 발달[진전]하다, 진화시키다",9,9
806,exact,a. 정확한 / v. 요구하다,9,9
807,exaggerate,"v. 과장하다, 과장해서 말하다",9,9
808,exam,"n. 시험, 검사",9,9
809,examination,"n. 시험, 조사",9,9
810,examine,"v. 조사하다, 심리하다",9,9
811,exceed,"v. 넘다, 도를 넘다",9,9
812,excel,v. 뛰어나다 능가하다,9,9
813,excellent,"a. 훌륭한, 탁월한",9,9
814,except,prep~을 제외하고는 / conj. ~라는 점만 제외하면 / v. 제외하다,9,9
815,excess,n. 지나침 / a. 초과한,9,9
816,exchange,"n. 교환 / v. 교환하다, 교체하다",9,9
817,excite,"v. 흥분시키다, 초조하게 만들다",9,9
818,exclude,"v. 제외하다, 배제하다",9,9
819,exclusive,a. 독점적인 / n. 독점 기사,9,9
820,excuse,n. 변명 / v. 용서하다,9,9
821,executive,n. 경영 간부 / a. 경영의,9,9
822,exhaust,v. 기진맥진하게 만들다 / n. 배출,9,9
823,exhibit,"v. 전시하다, 전시회를 하다 / n. 전시품",9,9
824,exist,"v. 존재하다, 실재하다",9,9
825,exit,n. 출구 / v. 나가다,9,9
826,exotic,a. 외국의 / n. 외래품,9,9
827,expand,"v. 확대하다, 확대되다",9,9
828,expect,"v. 예상하다, 생각하다",9,9
829,expense,"n. 돈, 비용",9,9
830,expensive,"a. 비싼, 돈이 많이 드는",9,9
831,experience,n. 경험 / v. 경험하다,9,9
832,experiment,n. 실험 / v. 실험하다,9,9
833,expert,n. 전문가 / a. 전문가의,9,9
834,expertise,n. 전문 지식[기술],9,9
835,explain,"v. 설명하다, 이유가 되다",9,9
836,explicit,"a. 분명한, 명쾌한",9,9
837,explode,"v. 폭발시키다, 폭발하다",9,9
838,explore,"v. 탐험하다, 탐사하다",9,9
839,export,v. 수출하다 / n. 수출 / a. 수출의,9,9
840,expose,v. 드러내다 / n. 폭로,9,9
841,express,v. 나타내다 / a. 급행의 / ad. 급행으로 / n. 급행열차,9,9
842,extend,"v. 늘리다, 이어지다",9,9
843,extent,"n. 정도, 한도",9,9
844,external,a. 외부의 / n. 외부,9,9
845,extinct,"a. 멸종된, 더 이상 존재하지 않는",9,9
846,extra,a. 추가의 / ad. 추가로 / n. 추가되는 것,9,9
847,extract,n. 발췌 / v. 추출하다,9,9
848,extraordinary,"a. 기이한, 놀라운",9,9
849,extreme,a. 극도의 / n. 극단,9,9
850,eyebrow,n. 눈썹,9,9
851,fabric,"n. 직물, 천",9,9
852,facilitate,"v. 가능하게 하다, 용이하게 하다",9,9
853,facility,"n. 시설, 기관",9,9
854,factor,n. 요인 / v. 인수 분해하다,9,9
855,factory,n. 공장 / a. 공장의,9,9
856,faculty,"n. 능력, 재능",9,9
857,fade,"v. 바래다, 희미하게 만들다",9,9
858,faint,a. 희미한 / v. 실신하다 / n. 실신,9,9
859,fair,a. 공정한 / ad. 공정하게 / n. 박람회,9,9
860,faith,"n. 믿음, 신뢰",9,9
861,false,"a. 틀린, 사실이 아닌",9,9
862,fame,n. 명성 / v. 명성을 떨치다,9,9
863,familiar,a. 익숙한 / n. 친구,9,9
864,famous,"a. 유명한, 이름난",9,9
865,fancy,v. 상상하다 / n. 상상 / a. 상상의,9,9
866,fantastic,"a. 환상적인, 기막히게 좋은",9,9
867,fare,n. 요금 / v. 되어가다,9,9
868,fascinate,"v. 매료하다, 매혹하다",9,9
869,fashion,n. 유행 / v. 만들다 빚다,9,9
870,fasten,"v. 매다, 채워지다",9,9
871,fatal,"a. 죽음을 초래하는, 치명적인",9,9
872,fate,n. 운 / v. 운명 짓다,9,9
873,fault,n. 잘못 / v. 나무라다,9,9
874,favo(u)r,n. 호의 / v. 호의를 보이다,9,9
875,fear,n. 공포 / v. 두려워하다,9,9
876,feature,n. 특색 / v. 특징으로 삼다,9,9
877,federal,a. 연방의 / n. 연방주의자,9,9
878,fee,n. 요금 / v. 요금을 지불하다,9,9
879,feed,"v. 음식을 먹이다, 먹이를 먹다 / n. 먹이",9,9
880,fellow,n. 사나이 / a. 동료의,9,9
881,female,a. 여자의 / n. 여자,9,9
882,fence,n. 울타리 / v. 울타리를 치다. 펜싱을 하다,9,9
883,ferry,"n. 연락선 / v. 나르다, 배로 건너다",9,9
884,fertile,"a. 기름진, 비옥한",9,9
885,fever,"n. 열, 발열",9,9
886,few,a. 많지 않은 / pron. 소수,9,9
887,fiber / fibre,"n. 섬유, 섬유소",9,9
888,fiction,"n. 소설, 허구",9,9
889,fierce,"a. 사나운, 험악한",9,9
890,figure,n. 수치 / v. 판단하다,9,9
891,filter,n. 여과기 / v. 여과하다. 걸러지다,9,9
892,final,a. 마지막의 / n. 결승전,9,9
893,finance,"n. 재원 / v. 자금을 대다, 재정을 처리하다",9,9
894,finite,a. 한정된 / n. 유한,9,9
895,firm,n. 회사 / a. 단단한 / ad. 단단하게 / v. 단단하게 하다,9,9
896,fit,a. 알맞은 / v. 맞다 / n. 맞는 것,9,9
897,flag,"n. 기 / v. 기를 게양하다, 신호로 정지시키다",9,9
898,flame,"n. 불길 / v. 활활 타오르다, 불길을 쐬다",9,9
899,flash,"v. 비치다, 비추다 / n. 섬광 / a. 눈이 부신",9,9
900,flat,a. 평평한 / n. 평평한 부분 / ad. 평평하게 / v. 평평하게 하다,9,9
901,flavo(u)r,n. 맛 / v. 맛[풍미]을 더하다,10,10
902,flaw,n. 흠 / v. 흠[금]이 생기게 하다,10,10
903,flee,"v. 달아나다, 도망하다",10,10
904,flesh,"n. 살 / v. 살에 찌르다, 살이 붙다",10,10
905,flexible,"a. 신축성 있는, 융통성 있는",10,10
906,flight,"n. 비행, 항공편 / v. 떼 지어 날다, 쏘다",10,10
907,flip,"v. 던지다[튕기다], 튕겨지다 / n. 던지기 [튕기기]",10,10
908,float,"v. 뜨다, 띄우다 / n. 장식 차량",10,10
909,flock,n. 떼 / v. 떼를 짓다,10,10
910,flood,"n. 홍수 / v. 물에 잠기게 하다, 물에 잠기다",10,10
911,flourish,"v. 번창하다, 휘두르다",10,10
912,flow,"n. 흐름 / v. 흐르다, 흘리다",10,10
913,flush,"v. 붉어지다, 물을 내리다 / n. 홍조",10,10
914,fog,n. 안개 / v. 안개로 뒤덮이다,10,10
915,fold,"v. 접다, 망하다 / n. 접힌 부분",10,10
916,folk,n. 사람들 / a. 민속의,10,10
917,follow,v. (뒤)따라가다 / n. 뒤따르기,10,10
918,fond,"a. 좋아하는, 애정을 느끼는",10,10
919,forbid,"v. 금하다, 허락하지 않다",10,10
920,force,n. 물리력 / v. 강요하다,10,10
921,forecast,n. 예측 / v. 예측하다,10,10
922,forehead,"n. 이마, 앞부분",10,10
923,foreign,"a. 외국의, 대외의",10,10
924,forever,ad. 영원히 / n. 영원,10,10
925,forgive,"v. 용서하다, 탕감하다",10,10
926,format,n. 구성 방식 / v. 포맷[서식]을 만들다,10,10
927,former,"a. 이전의, 옛날의 / n. 제작자, 형성자",10,10
928,formula,"n. 공식, 화학식",10,10
929,forth,"ad. ~에서 멀리, 앞으로",10,10
930,fortunate,"a. 운 좋은, 다행한",10,10
931,fortune,"n. 운, 행운",10,10
932,forward,ad. 앞으로 / a. 앞으로 가는 / v. 보내다 / n. 포워드,10,10
933,foster,v. 조성하다 / a. 수양-,10,10
934,found,"v. 설립하다, 세우다",10,10
935,foundation,"n. 토대, 기초",10,10
936,fountain,"n. 분수, 분수처럼 뿜어져 나오는 것",10,10
937,fraction,"n. 부분, 일부",10,10
938,frame,"n. 틀 / v. 틀에 넣다, 구상하다, 만들다",10,10
939,framework,"n. 뼈대, 골조",10,10
940,frankly,"ad. 솔직히, 노골적으로",10,10
941,freeze,v. 얼다. 동결시키다 / n. 한파,10,10
942,frequent,a. 잦은 / v. 자주 다니다,10,10
943,fright,"n. 공포, 놀람",10,10
944,frog,n. 개구리 / v. 개구리를 잡다,10,10
945,frost,n. 서리 / v. 서리가 내리다,10,10
946,frown,v. 눈살을 찌푸리다 / n. 찌푸림,10,10
947,frustrate,"v. 좌절감을 주다, 좌절하다",10,10
948,fry,"v. 튀기다, 새까맣게 타다 / n. 튀김",10,10
949,fuel,n. 연료 / v. 연료를 공급하다,10,10
950,fulfil,"v. 실현하다, 성취하다",10,10
951,function,n. 기능 / v. 기능하다,10,10
952,fund,n. 자금 / v. 자금[기금]을 대다,10,10
953,fundamental,a. 근본적인 / n. 근본,10,10
954,funeral,n. 장례식 / a. 장례식의,10,10
955,fur,n. 털 / a. 모피의,10,10
956,furious,"a. 몹시 화가 난, 격노한",10,10
957,furnish,"v. 비치하다, 제공하다",10,10
958,furniture,"n. 가구, 비품",10,10
959,furthermore,"ad. 뿐만 아니라, 더욱이",10,10
960,fury,"n. 격노, 격분",10,10
961,fuse,n. 퓨즈 / v. 퓨즈가 끊어지다,10,10
962,gain,"v. 얻다, 나아지다 / n. 이익",10,10
963,gallery,"n. 미술관, 화랑",10,10
964,gamble,"v. 도박하다, 모험하다 / n. 도박, 모험",10,10
965,gang,"n. 범죄 조직, 패거리 / v. 집단을 이루다",10,10
966,gap,"n. 틈, 구멍",10,10
967,garage,n. 차고 / v. 차고에 넣다,10,10
968,gasoline / petrol,"n. 가솔린, 휘발유",10,10
969,gate,n. 문 / v. 문을 달다,10,10
970,gather,"v. 모으다, 쌓이다",10,10
971,gaze,v. 응시하다 / n. 응시,10,10
972,gear,"n. 기어 / v. 기어를 넣다, 서로 맞물리다",10,10
973,gender,"n. 성, 성별",10,10
974,gene,"n. 유전자, 유전 인자",10,10
975,general,a. 일반적인 / n. 장군 / v. 장군으로서 지휘하다,10,10
976,generate,"v. 발생시키다, 만들어 내다",10,10
977,generation,"n. 사람들, 세대",10,10
978,generous,"a. 후한, 아끼지 않는",10,10
979,genetic,"a. 유전의, 유전학의",10,10
980,genius,"n. 천재성, 천재",10,10
981,gentle,a. 온화한 / v. 길들이다 / n. 구더기,10,10
982,genuine,"a. 진짜의, 진품의",10,10
983,geography,"n. 지리학, 지리",10,10
984,geology,n. 지질학,10,10
985,gesture,n. 몸짓 / v. 몸짓으로 가리키다,10,10
986,ghost,n. 유령 / v. 대필하다,10,10
987,giant,n. 거인 / a. 엄청나게 큰,10,10
988,gift,n. 선물 / v. 부여하다,10,10
989,giraffe,"n. 기린, 기린자리",10,10
990,glance,v. 힐끗 보다 / n. 힐끗 보기,10,10
991,glare,v. 노려보다 / n. 눈부심,10,10
992,global,"a. 지구의, 세계적인",10,10
993,globe,"n. 지구본, 구체 / v. 공 모양으로 만들다",10,10
994,glory,"n. 영광, 영예",10,10
995,glove,n. 장갑 / v. 장갑을 끼다,10,10
996,glow,"v. 빛나다, 타다 / n. 불빛",10,10
997,glue,n. 접착제 / v. 접착제를 바르다,10,10
998,goat,"n. 염소, 염소자리",10,10
999,golf,n. 골프 / v. 골프를 치다,10,10
1000,gorgeous,"a. 아주 멋진, 훌륭한",10,10
1001,govern,"v. 다스리다, 통치하다",11,11
1002,government,"n. 정부, 정권",11,11
1003,grab,v. 붙잡다 / n. 붙잡으려고 함,11,11
1004,grace,n. 우아함 / v. 꾸미다,11,11
1005,grade,"n. 품질, 등급, 성적 / v. 나누다, ~의 등급이다",11,11
1006,gradual,"a. 점진적인, 서서히 일어나는",11,11
1007,graduate,n. 졸업생 / v. 졸업하다 / a. 졸업생의,11,11
1008,grain,"n. 곡물, 낟알",11,11
1009,grand,"a. 웅장한 / n. 1,000달러[파운드]",11,11
1010,grant,v. 승인하다 / n. 보조금,11,11
1011,graph,n. 그래프 / v. 그래프로 나타내다,11,11
1012,graphic,a. 그래프로 나타내는 / n. 그래픽 아트 작품,11,11
1013,grasp,v. 꽉 잡다 / n. 꽉 쥐기,11,11
1014,grateful,"a. 고마워하는, 감사하는",11,11
1015,grave,"n. 무덤, 묘 / a. 심각한 / v. 새기다, 조각하다",11,11
1016,greed,"n. 탐욕, 욕심",11,11
1017,greet,"v. 맞다, 환영하다",11,11
1018,grief,"n. 비탄, 비통",11,11
1019,grip,"n. 꽉 붙잡음 / v. 꽉 잡다, 움켜잡다",11,11
1020,grocery,"n. 식료품점, 식료품 판매업",11,11
1021,gross,a. 총체의 / ad. 모두 / n. 총체,11,11
1022,guarantee,"n. 굳은 약속, 보증 / v. 약속하다",11,11
1023,guard,"n. 경비원 / v. 지키다, 경계하다",11,11
1024,guardian,"n. 수호자, 보호자",11,11
1025,guest,n. 손님 / v. 게스트로 참여하다,11,11
1026,guide,"n. 안내(서), 안내인 / v. 안내하여 데려가다",11,11
1027,guideline,"n. 지침, 가이드라인",11,11
1028,guilt,"n. 유죄(임), 책임",11,11
1029,guilty,"a. 유죄의, 책임이 있는",11,11
1030,gulf,n. 만(灣) / v. 집어삼키다,11,11
1031,gun,n. 총 / v. 총으로 쏘다,11,11
1032,gym(nasium),"n. 체육관, 체육",11,11
1033,habitat,"n. 서식지, 환경",11,11
1034,half,n. 반 / a. 반의 / ad. 절반 정도로,11,11
1035,hall,"n. 현관, 복도",11,11
1036,halt,"v. 멈추다, 세우다, 주저하다 / n. 멈춤",11,11
1037,hammer,n. 망치 / v. 망치로 치다,11,11
1038,handicap,n. 장애 / v. 불리하게 만들다,11,11
1039,handle,"v. 만지다, 손을 사용하다 / n. 손잡이",11,11
1040,handsome,"a. 멋진, 잘생긴",11,11
1041,happen,"v. 일어나다, 발생하다",11,11
1042,harbo(u)r,"n. 항구, 피난처 / v. 숨겨 주다, 숨다",11,11
1043,harm,n. 해 / v. 해치다,11,11
1044,harmonious,"a. 사이가 좋은, 화목한",11,11
1045,harmony,"n. 조화, 화합",11,11
1046,harsh,"a. 가혹한, 냉혹한",11,11
1047,harvest,"n. 수확 / v. 수확하다, 추수하다",11,11
1048,haunt,"v. 나타나다, 출몰하다 / n. 자주 가는 곳",11,11
1049,hazard,n. 위험 / v. 틀릴 셈 치고 제안[추측]하다,11,11
1050,headache,"n. 두통, 머리가 아픔",11,11
1051,headquarters,"n. 본부, 본사",11,11
1052,heal,"v. 치유하다, 낫다",11,11
1053,health,"n. 건강, 건강 상태",11,11
1054,healthy,"a. 건강한, 건강에 좋은",11,11
1055,hear,"v. 듣다, 전해 듣다",11,11
1056,heaven,"n. 천국, 천당",11,11
1057,heel,"n. 발뒤꿈치, 경사 / v. 기울다",11,11
1058,height,"n. 높이, 고도",11,11
1059,heir,n. 상속인 / v. 상속하다,11,11
1060,helicopter,n. 헬리콥터 / v. 헬리콥터로 가다,11,11
1061,hell,"n. 지옥, 지옥 같은 곳",11,11
1062,hence,"ad. 이런 이유로, 따라서",11,11
1063,heritage,"n. 유산, 전통",11,11
1064,hesitate,"v. 주저하다, 망설이다",11,11
1065,hide,"v. 숨기다, 숨다 / n. 은신처",11,11
1066,hierarchy,"n. 계급, 계층",11,11
1067,highlight,v. 강조하다 / n. 하이라이트,11,11
1068,highway,n. 고속도로 / a. 노상에 출몰하는,11,11
1069,hint,n. 힌트 / v. 암시하다,11,11
1070,hire,"v. 고용하다, 고용되다 / n. 고용",11,11
1071,hole,"n. 구멍, 구덩이 / v. 구멍을 뚫다",11,11
1072,holy,a. 신성한 / n. 신성한 것[곳],11,11
1073,honey,n. 벌꿀 / a. 벌꿀의 / v. 달게 하다,11,11
1074,hono(u)r,"n. 존경, 명예 / v. 존경하다",11,11
1075,hook,n. 갈고리 / v. 갈고리로 걸다,11,11
1076,horizon,"n. 수평선, 지평선",11,11
1077,horror,"n. 공포(감), 경악",11,11
1078,host,"n. 주인, 무리, 떼 / v. 주최하다",11,11
1079,hostile,"a. 적대적인, 적의를 가진",11,11
1080,hotel,"n. 호텔, 술집",11,11
1081,household,n. 가정 / a. 가정의,11,11
1082,hug,v. 껴안다 / n. 껴안기,11,11
1083,huge,"a. 막대한, 엄청난",11,11
1084,humo(u)r,n. 유머 / v. 비위를 맞춰 주다,11,11
1085,hunger,"n. 굶주림 / v. 갈망하다, 굶주리게 하다",11,11
1086,hungry,"a. 배고픈, 굶주리는",11,11
1087,hurt,v. 다치게 하다 아프다 / a. 다친 / n. 상처,11,11
1088,hut,n. 오두막 / v. 오두막에서 묵다[살다],11,11
1089,hypothesis,"n. 가설, 전제",11,11
1090,ideal,a. 이상적인 / n. 이상,11,11
1091,identical,"a. 동일한, 똑같은",11,11
1092,identify,"v. 확인하다, 동일시하다",11,11
1093,identity,"n. 동일성, 독자성, 신분",11,11
1094,ideology,"n. 이데올로기, 이념",11,11
1095,ignore,"v. 무시하다, 못 본 척하다",11,11
1096,ill,a. 아픈 / ad. 나쁘게 / n. 문제,11,11
1097,illude,v. 속이다 헷갈리게 하다,11,11
1098,illusion,"n. 오해, 착각",11,11
1099,illustrate,"v. 삽화를 넣다, 예시를 들다",11,11
1100,imagine,"v. 상상하다, 그리다",11,11
1101,imitate,"v. 모방하다, 본뜨다",12,12
1102,immediate,"a. 즉각적인, 당면한",12,12
1103,immense,"a. 엄청난, 어마어마한",12,12
1104,immigrate,"v. 이주해 오다, 이주시키다",12,12
1105,immune,a. 면역성이 있는 / n. 면역자,12,12
1106,impact,n. 영향 / v. 영향[충격]을 주다,12,12
1107,imperial,"a. 제국의, 황제의",12,12
1108,implement,v. 시행하다 / n. 도구,12,12
1109,imply,"v. 나타내다, 암시하다",12,12
1110,import,n. 수입품 / v. 중요하다,12,12
1111,importance,"n. 중요성, 중대성",12,12
1112,important,"a. 중요한, 소중한",12,12
1113,impose,"v. 도입하다, 부과하다",12,12
1114,impress,v. 깊은 인상을 주다 / n. 인상,12,12
1115,improve,"v. 개선하다, 좋아지다",12,12
1116,incentive,"n. 장려(책), 자극 / a. 장려하는",12,12
1117,incident,n. 일 / a. 일어나기 쉬운,12,12
1118,incline,v. 기울어지게 하다 / n. 경사,12,12
1119,include,"v. 포함하다, 함유하다",12,12
1120,income,"n. 소득, 수입",12,12
1121,incorporate,"v. 창립하다, 포함하다 / a. 사업체의",12,12
1122,increase,"v. 증가시키다, 인상되다 / n. 증가",12,12
1123,incredible,"a. 믿을 수 없는, 믿기 힘든",12,12
1124,indeed,"ad. 정말, 확실히",12,12
1125,independent,a. 독립된,12,12
1126,index,n. 색인 / v. 색인을 만들다,12,12
1127,indicate,"v. 나타내다, 보여주다",12,12
1128,individual,a. 각각의 / n. 개인,12,12
1129,induce,"v. 설득하다, 권유하다",12,12
1130,industry,"n. 산업, 공업",12,12
1131,inevitable,a. 불가피한 / n. 필연적인 것,12,12
1132,infant,n. 유아 / a. 유아용의,12,12
1133,infect,"v. 감염시키다, 전염시키다",12,12
1134,infer,"v. 추론하다, 추측하다",12,12
1135,inference,"n. 추론, 추측",12,12
1136,inflate,"v. 부풀리다, 팽창하다",12,12
1137,influence,"n. 영향 / v. 영향을 주다, 감화를 주다",12,12
1138,inform,"v. 알리다, 정보를 제공하다",12,12
1139,ingredient,"n. 재료, 성분",12,12
1140,inhabit,"v. 살다, 거주하다",12,12
1141,inherent,"a. 고유의, 본래의",12,12
1142,inhibit,"v. 억제하다, 저해하다",12,12
1143,initial,a. 처음의 / n. 머리글자,12,12
1144,inject,"v. 주입하다, 주사하다",12,12
1145,injure,"v. 다치게 하다, 부상을 입히다",12,12
1146,inn,"n. 여인숙, 여관",12,12
1147,innocent,a. 죄가 없는 / n. 순결한 사람,12,12
1148,innovate,"v. 혁신하다, 획기적으로 하다",12,12
1149,input,n. 투입 / v. 입력하다 / a. 입력 장치의,12,12
1150,inquire / enquire,"v. 묻다, 문의하다",12,12
1151,insect,n. 곤충 / a. 곤충의,12,12
1152,insert,v. 끼우다 / n. 삽입 광고,12,12
1153,insight,"n. 통찰력, 식견",12,12
1154,insist,"v. 고집하다, 우기다",12,12
1155,inspect,"v. 점검하다, 검사하다",12,12
1156,inspire,"v. 고무하다, 영감을 주다",12,12
1157,install,"v. 설치하다, 설비하다",12,12
1158,instance,n. 사례 / v. ~을 예로 들다,12,12
1159,instant,a. 즉각적인 / n. 순간,12,12
1160,instead,ad. 대신에,12,12
1161,instinct,"n. 본능, 본성",12,12
1162,institute,n. 기관 / v. 도입하다,12,12
1163,institution,"n. 기관, 단체",12,12
1164,instruct,"v. 가르치다, 교육하다",12,12
1165,instrument,"n. 기구, 도구",12,12
1166,insult,v. 모욕하다 / n. 모욕,12,12
1167,insurance,n. 보험 / a. 보험의,12,12
1168,insure,v. 보험에 들다,12,12
1169,integrate,"v. 통합시키다, 통합되다 / a. 통합된",12,12
1170,intellect,"n. 지적 능력, 지성",12,12
1171,intellectual,a. 지능의 / n. 지식인,12,12
1172,intelligent,"a. 총명한, 똑똑한",12,12
1173,intend,v. 의도하다,12,12
1174,intense,"a. 극심한, 극도의",12,12
1175,intent,a. 집중된 / n. 의향,12,12
1176,intention,"n. 의사, 의도",12,12
1177,interest,n. 관심 / v. 관심[흥미]을 끌다,12,12
1178,interfere,"v. 간섭하다, 참견하다",12,12
1179,interior,n. 내부 / a. 내부의,12,12
1180,intermediate,a. 중간의 / n. 중간에 있는 것,12,12
1181,internal,"a. 안의, 내부의",12,12
1182,interpret,"v. 설명하다, 통역하다",12,12
1183,interrupt,"v. 방해하다, 중단하다 / n. 중단하기",12,12
1184,interval,"n. 간격, 사이",12,12
1185,intervene,"v. 개입하다, 중재하다",12,12
1186,interview,"n. 면접 / v. 면접을 보다, 인터뷰를 하다",12,12
1187,intimate,a. 친한 / n. 절친한 친구 / v. 넌지시 알리다,12,12
1188,intrigue,"v. 흥미를 불러일으키다, 모의하다 / n. 모의",12,12
1189,invade,"v. 침입하다, 침략하다",12,12
1190,invent,"v. 발명하다, 고안하다",12,12
1191,inventor,"n. 발명가, 고안자",12,12
1192,invest,"v. 투자하다, 돈을 쓰다",12,12
1193,investigate,"v. 조사하다, 수사하다",12,12
1194,involve,"v. 수반하다, 포함하다",12,12
1195,iron,n. 철 / a. 철의 / v. 다리미질을 하다,12,12
1196,irony,"n. 아이러니, 역설 / a. 철의, 쇠로 만든",12,12
1197,irritate,"v. 짜증나게 하다, 짜증을 내다, 무효로 하다",12,12
1198,island,n. 섬 / a. 섬의,12,12
1199,isolate,v. 격리하다 / n. 고립된 것[사람] / a. 고립된,12,12
1200,item,n. 항목 / v. 항목별로 쓰다,12,12
1201,jail,n. 교도소 / v. 투옥하다,13,13
1202,jar,"n. 병, 단지",13,13
1203,jaw,n. 턱 / v. 지껄이다,13,13
1204,jeans,n. 청바지,13,13
1205,jog,"v. 조깅하다, 살짝 치다[밀다] / n. 조깅, 울퉁불퉁함",13,13
1206,joint,"a. 공동의 / n. 관절 / v. 접합하다, 연결되다",13,13
1207,joke,"n. 농담 / v. 농담하다, 놀리다",13,13
1208,journal,"n. 신문, 잡지",13,13
1209,journey,n. 여행 / v. 여행하다,13,13
1210,joy,"n. 기쁨 / v. 기뻐하다, 기쁘게 하다",13,13
1211,judge,n. 판사 / v. 재판하다,13,13
1212,junior,a. 손아래의 / n. 손아랫사람,13,13
1213,jury,"n. 배심원단 / v. 심사하다 / a. 임시의, 응급의",13,13
1214,justice,"n. 정의, 공평성",13,13
1215,keen,a. 간절히 ~하고 싶은,13,13
1216,kit,n. 조립용품 세트,13,13
1217,knee,"n. 무릎 / v. 무릎으로 치다, 무릎을 꿇다",13,13
1218,knight,n. (중세의) 기사,13,13
1219,knock,v. 두드리다 / n. 두드림,13,13
1220,knot,"n. 매듭 / v. 매다, 매듭을 짓다",13,13
1221,knowledge,"n. 지식, 학문",13,13
1222,lab(oratory),n. 실험실 / a. 실험실의,13,13
1223,label,n. 상표 / v. 상표를 붙이다,13,13
1224,labo(u)r,"n. 노동 / v. 노동하다, 상세히 설명하다 / a. 노동자의",13,13
1225,lack,n. 부족 / v. 부족하다,13,13
1226,ladder,n. 사다리 / v. 사다리를 오르다,13,13
1227,lamb,n. 새끼 양 / v. 양이 새끼를 낳다,13,13
1228,lamp,"n. 등 / v. 비추다, 빛나다",13,13
1229,landscape,n. 풍경 / v. 조경을 하다,13,13
1230,lane,"n. 길, 도로",13,13
1231,language,"n. 언어, 말",13,13
1232,lap,n. 무릎 / v. 싸다. 겹쳐지다,13,13
1233,latter,a. 후자의 / n. 후자,13,13
1234,laugh,"v. 웃다, 웃으며 ~하다 / n. 웃음",13,13
1235,launch,"v. 시작하다, 착수하다 / n. 개시, 론치",13,13
1236,laundry,"n. 세탁물, 세탁",13,13
1237,law,"n. 법, 법률",13,13
1238,lawn,"n. 잔디밭, 잔디 구장",13,13
1239,lawyer,"n. 변호사, 법률가",13,13
1240,lay,"v. 놓다, 알을 낳다",13,13
1241,layer,"n. 층 / v. 층으로 놓다, 층을 이루다",13,13
1242,lead,"v. 안내하다, 앞장서서 가다 / n. 이끌기, 납",13,13
1243,leaf,"n. 잎, 나뭇잎",13,13
1244,league,"n. 리그, 연합",13,13
1245,leak,"v. 새게 하다, 누설되다 / n. 새는 곳",13,13
1246,lean,"v. 기울다, 기울이다 / n. 기울기 / a. 여윈",13,13
1247,leap,v. 뛰다 뛰어넘다 / n. 뛰기,13,13
1248,lease,n. 임대차 계약 / v. 임대하다,13,13
1249,leather,n. 가죽 / v. 가죽을 씌우다 / a. 가죽의,13,13
1250,leave,"v. 떠나다, 출발하다 / n. 허락, 허가",13,13
1251,lecture,n. 강의 / v. 강의하다,13,13
1252,legal,a. 법률의 / n. 법률 요건,13,13
1253,legend,"n. 전설, 신화",13,13
1254,legislate,v. 법률을 제정하다,13,13
1255,legitimate,a. 정당한 / v. 정당화하다,13,13
1256,leisure,n. 여가 / a. 한가한,13,13
1257,lemon,n. 레몬 / a. 레몬 색의,13,13
1258,lend,"v. 빌려주다, 대여하다",13,13
1259,let,"v. 두다, 세를 주다 / n. 임대",13,13
1260,level,n. 평평함 / a. 평평한 / ad. 평평하게 / v. 평평하게 하다,13,13
1261,liberal,a. 자유주의의 / n. 자유주의자,13,13
1262,liberty,"n. 자유, 해방",13,13
1263,license / licence,n. 허가 / v. 허가하다,13,13
1264,lid,"n. 뚜껑, 덮개",13,13
1265,lift,"v. 들어 올리다, 들리다 / n. 승강기",13,13
1266,likewise,"ad. 똑같이, 비슷하게",13,13
1267,limit,n. 한계 / v. 제한하다,13,13
1268,linguistic,"a. 말의, 언어의",13,13
1269,link,"n. 관련 / v. 연결하다, 관련되다",13,13
1270,liquid,n. 액체 / a. 액체 형태의,13,13
1271,list,n. 목록 / v. 목록[명단]을 작성하다,13,13
1272,literature,"n. 문학, 문예",13,13
1273,livingroom,n. 거실,13,13
1274,load,n. 짐 / v. 짐을 싣다,13,13
1275,loan,n. 대출 / v. 빌려주다,13,13
1276,local,a. 장소의 / n. 지역 주민,13,13
1277,locate,"v. 위치하게 하다, 정착하다",13,13
1278,lock,"v. 잠그다, 고정되다 / n. 자물쇠",13,13
1279,log,"n. 통나무 / v. 일지에 기록하다, 벌목하다",13,13
1280,logic,"n. 논리, 타당성",13,13
1281,lone,"a. 혼자인, 단독의",13,13
1282,loose,"a. 느슨한 / v. 느슨하게 하다, 풀리다",13,13
1283,lose,"v. 잃어버리다, 지다",13,13
1284,loss,"n. 분실, 상실",13,13
1285,lot,"n. 추첨 / v. 구분하다, 제비 뽑기를 하다 / ad. 훨씬",13,13
1286,loud,a. (소리가) 큰 / ad. 크게,13,13
1287,loyal,"a. 충성스러운, 충직한 / n. 충신, 애국자",13,13
1288,lump,n. 덩어리 / a. 덩어리의 / v. 한 덩어리로 하다,13,13
1289,luxury,n. 호화로움 / a. 고급의,13,13
1290,machine,n. 기계 / v. 기계로 만들다 / a. 기계의,13,13
1291,magazine,"n. 잡지, 프로그램",13,13
1292,magic,n. 마법 / a. 마법의,13,13
1293,magnet,"n. 자석, 자철",13,13
1294,magnificent,"a. 장려한, 장엄한",13,13
1295,main,a. 주된 / n. 본관,13,13
1296,maintain,v. 지속[계속]하다. 유지하다,13,13
1297,major,a. 큰[많은] 쪽의 / n. 소령 / v. 전공하다,13,13
1298,majority,"n. 대다수, 대부분",13,13
1299,male,a. 남자의 / n. 남자,13,13
1300,manage,"v. 간신히 ~하다, 살아 나가다",13,13
1301,manifest,"v. 표현하다, 나타나다 / a. 분명한",14,14
1302,manipulate,"v. 조종하다, 기계를 다루다",14,14
1303,manner,"n. 방식, 방법",14,14
1304,manufacture,"v. 제조하다, 생산하다 / n. 제조",14,14
1305,margin,n. 여백 / v. 가장자리를 붙이다,14,14
1306,marine,a. 바다의 / n. 해병대,14,14
1307,mark,"n. 표시 / v. 표시하다, 자국이 나다",14,14
1308,marvel,n. 경이로운 일 / v. 경탄하다,14,14
1309,mask,"n. 마스크 / v. 감추다, 가면을 쓰다",14,14
1310,mass,n. 덩어리 / a. 대량의 / v. 많이 모으다,14,14
1311,master,n. 주인 / a. 주요한 / v. 정복하다,14,14
1312,match,"n. 성냥, 경기 / v. 필적하다, 조화되다",14,14
1313,mate,"n. 친구 / v. 짝지어주다, 짝짓기를 하다",14,14
1314,material,n. 재료 / a. 물질의,14,14
1315,matter,n. 문제 / v. 중요하다,14,14
1316,mature,"a. 어른스러운, 숙성된 / v. 어른이 되다, 성숙하게 하다",14,14
1317,maximum,a. 최대의 / n. 최대,14,14
1318,maybe,"ad. 어쩌면, 아마",14,14
1319,mayor,"n. 시장, 단체장",14,14
1320,meal,n. 식사 / v. 식사하다,14,14
1321,mean,"v. 의미하다 / a. 비열한, 중간의 / n. 수단",14,14
1322,meanwhile,"ad. 그 동안에, 그 사이에",14,14
1323,measure,"v. 측정하다, 측량하다 / n. 조치",14,14
1324,mechanic,"n. 정비공, 기계공",14,14
1325,mechanism,"n. 기계 장치, 기구",14,14
1326,media,n. (sing. medium) 매체,14,14
1327,mediate,"v. 조정하다, 중재하다 / a. 중개의",14,14
1328,medical,a. 의학의 / n. 의학도,14,14
1329,medicine,n. 약 / v. 약을 먹이다,14,14
1330,medieval,"a. 중세의, 중세식의",14,14
1331,medium,a. 중간의 / n. 매체,14,14
1332,melon,"n. 멜론, 참외",14,14
1333,melt,"v. 녹다, 녹이다 / n. 용해",14,14
1334,mental,a. 정신의 / n. 정신병 환자,14,14
1335,mention,v. 말하다 / n. 언급,14,14
1336,menu,"n. 메뉴, 식단표",14,14
1337,merchant,n. 상인 / a. 상인의,14,14
1338,mere,a. 겨우 ~의 / n. 작은 호수,14,14
1339,merge,"v. 합병하다, 통합되다",14,14
1340,merit,"n. 가치 / v. 받을 만하다, 공덕을 쌓다",14,14
1341,mess,n. 엉망인 상태 / v. 지저분하게 만들다,14,14
1342,message,n. 전갈 / v. 메시지를 보내다,14,14
1343,metal,n. 금속 / v. 자갈을 깔다,14,14
1344,method,"n. 방법, 방식",14,14
1345,metropolitan,a. 대도시의 / n. 대도시[수도] 거주자,14,14
1346,microphone,"n. 마이크(로폰), 송화기",14,14
1347,microwave,n. 전자레인지 / v. 전자레인지에 요리하다,14,14
1348,migrant,n. 이주자 / a. 이주하는,14,14
1349,migrate,"v. 이동하다, 이동[이주]시키다",14,14
1350,mild,"a. 가벼운, 순한, 온화한",14,14
1351,military,a. 군의 / n. 군인,14,14
1352,mill,"n. 방앗간 / v. 갈다, 제분기를 쓰다",14,14
1353,million,n. 100만 / a. 100만의,14,14
1354,mine,n. 광산 / v. 채굴하다,14,14
1355,miner,"n. 광부, 광산 노동자",14,14
1356,mineral,n. 광물(질) / a. 광물의,14,14
1357,minimal,"a. 아주 적은, 최소의",14,14
1358,minimum,a. 최소의 / n. 최소,14,14
1359,ministry,"n. 부처, 내각",14,14
1360,minor,a. 작은 / n. 미성년자,14,14
1361,minute,"n. 분 / a. 급조한, 미세한, 세심한",14,14
1362,miracle,"n. 기적, 기적 같은 일",14,14
1363,mirror,n. 거울 / v. 잘 보여주다,14,14
1364,missile,n. 미사일 / a. 던질 수 있는,14,14
1365,mission,n. 임무 / v. 파견하다,14,14
1366,mix,"v. 섞다, 섞이다 / n. 혼합체",14,14
1367,mobile,a. 이동하는 / n. 움직이는 조각,14,14
1368,mock,v. 놀리다 / a. 거짓된 / n. 놀려대기,14,14
1369,mode,"n. 방식, 방법",14,14
1370,moderate,a. 보통의 / v. 완화되다,14,14
1371,modern,"a. 현대의, 근대의",14,14
1372,modest,"a. 그리 대단하지 않은, 보통의, 겸손한",14,14
1373,modify,"v. 수정하다, 변경되다",14,14
1374,moist,"a. 촉촉한, 습기가 있는",14,14
1375,moisture,"n. 수분, 습기",14,14
1376,molecule,"n. 분자, 미립자",14,14
1377,moment,"n. 잠깐, 잠시",14,14
1378,monitor,n. 화면 / v. 추적 관찰하다,14,14
1379,monster,n. 괴물 / a. 엄청나게 큰,14,14
1380,monument,n. 기념비 / v. 기념비를 세우다,14,14
1381,mood,"n. 기분, 감정",14,14
1382,moral,a. 도덕의 / n. 도덕,14,14
1383,moreover,"ad. 게다가, 더욱이",14,14
1384,mortal,a. 언젠가는 반드시 죽는 / n. 사람 / ad. 매우,14,14
1385,motion,"n. 운동, 움직임 / v. 동작을 해 보이다",14,14
1386,motive,n. 동기 / a. 움직이게 하는 / v. 동기를 주다,14,14
1387,motor,n. 모터 / v. 자동차로 가다,14,14
1388,mount,"v. 오르다 / n. 오르기, 산, 언덕",14,14
1389,mud,n. 진흙 / v. 진흙투성이로 만들다,14,14
1390,multiple,a. 많은 / n. 배수,14,14
1391,murder,n. 살인(죄) / v. 살해하다,14,14
1392,muscle,n. 근육 / v. 힘으로 밀고 나아가다,14,14
1393,museum,"n. 박물관, 미술관",14,14
1394,mushroom,n. 버섯 / a. 버섯의 / v. 급속히 생기다,14,14
1395,mutual,"a. 상호간의, 서로의",14,14
1396,mystery,"n. 수수께끼, 미스터리",14,14
1397,myth,"n. 신화, 근거 없는 믿음",14,14
1398,nail,n. 손톱 / v. 못으로 박다,14,14
1399,naive,"a. 순진한, 순진해 빠진",14,14
1400,naked,a. 벌거벗은,14,14
1401,narrate,v. 이야기하다. 말하다,15,15
1402,narrow,a. 좁은 / v. 좁아지다. 좁히다,15,15
1403,nasty,"a. 끔찍한, 형편없는",15,15
1404,native,a. 출생지의 / n. 태생인 사람,15,15
1405,navy,"n. 해군, 짙은 남색",15,15
1406,neat,"a. 정돈된, 단정한",15,15
1407,necessary,a. 필요한 / n. 없어서는 안 되는 것,15,15
1408,needle,n. 바늘 / v. 바느질하다 / a. 마음 졸이게 하는,15,15
1409,negate,v. 무효화하다,15,15
1410,negative,a. 부정적인 / n. 부정 / v. 거부하다,15,15
1411,neglect,v. 소홀히 하다 / n. 소홀,15,15
1412,negotiate,"v. 협상하다, 성사시키다",15,15
1413,neighbo(u)r,n. 이웃 / a. 이웃의 / v. 이웃하다,15,15
1414,neither,a. / pron. (둘 중의) 어느 것도 ~ 아니다,15,15
1415,nephew,n. 조카,15,15
1416,nerve,n. 신경 / v. 힘을 북돋우다,15,15
1417,nervous,"a. 불안해하는, 초조해하는",15,15
1418,nest,n. 둥지 / v. 둥지에 넣다,15,15
1419,net,n. 그물 / a. 그물의 / v. 그물로 잡다,15,15
1420,network,n. 망 / v. 통신망을 구축하다,15,15
1421,neutral,a. 중립적인 / n. 중립,15,15
1422,nevertheless,ad. 그렇기는 하지만,15,15
1423,nightmare,"n. 악몽, 가위눌림",15,15
1424,noble,"a. 고결한 / n. 고귀한 사람, 귀족",15,15
1425,nod,v. 끄덕이다 / n. 끄덕임,15,15
1426,noise,n. 잡음 / v. 퍼뜨리다,15,15
1427,nominate,"v. 지명하다, 출마하다",15,15
1428,none,pron. 아무도 ~ 않다,15,15
1429,nonetheless,ad. 그렇기는 하지만,15,15
1430,noon,"n. 정오, 한낮",15,15
1431,nor,conj. ~도(또한) 아니다[없다],15,15
1432,norm,"n. 표준, 일반적인 것",15,15
1433,normal,a. 보통의 / n. 보통,15,15
1434,notice,n. 주목 / v. 알아차리다,15,15
1435,novel,n. 소설 / a. 새로운,15,15
1436,nowadays,ad. 요즈음에는 / n. 요즈음,15,15
1437,nowhere,ad. 아무 데도 ~없이 / n. 아무 데도 아닌 곳,15,15
1438,nuclear,a. 핵의 / n. 핵에너지,15,15
1439,numerous,"a. 많은, 무수한",15,15
1440,nut,n. 견과 / v. 너트로 죄다,15,15
1441,oak,n. 오크 / a. 오크의,15,15
1442,obey,"v. 복종하다, 순종하다",15,15
1443,object,n. 물건 / v. 반대하다,15,15
1444,objective,n. 목표 / a. 객관적인,15,15
1445,oblige,"v. 강요하다, 호의를 베풀다",15,15
1446,observe,"v. 보다, 관찰하다",15,15
1447,obsess,"v. 사로잡다, 강박감을 갖다",15,15
1448,obtain,"v. 얻다, 존재하다",15,15
1449,obvious,"a. 분명한, 명백한",15,15
1450,occasion,n. 경우 / v. 원인이 되다,15,15
1451,occupation,"n. 직업, 일",15,15
1452,occupy,"v. 차지하다, 점유하다",15,15
1453,occur,"v. 일어나다, 발생하다",15,15
1454,occurrence,"n. 발생, 존재",15,15
1455,ocean,"n. 대양, 바다",15,15
1456,odd,"a. 이상한, 홀수의 / n. 자투리",15,15
1457,offend,"v. 기분을 상하게 하다, 범죄를 저지르다",15,15
1458,offer,"v. 제의하다, 제안하다 / n. 제의",15,15
1459,officer,n. 장교 / v. 장교를 배치하다,15,15
1460,once,ad. 한번 / conj. 일단 ~하면,15,15
1461,opera,n. 오페라,15,15
1462,operate,"v. 작동하다, 조작하다",15,15
1463,opinion,"n. 의견, 생각",15,15
1464,opportune,"a. 좋은, 적절한",15,15
1465,opportunity,"n. 기회, 호기",15,15
1466,oppose,"v. 반대하다, 저항하다",15,15
1467,opt,"v. 선택하다, 선정하다",15,15
1468,optimist,"n. 낙천주의자, 낙관론자",15,15
1469,option,"n. 선택, 선택할 수 있는 것",15,15
1470,oral,a. 구두의 / n. 구두시험,15,15
1471,orbit,"n. 궤도 / v. 궤도를 돌다, 선회하다",15,15
1472,orchestra,n. 오케스트라,15,15
1473,order,n. 순서 / v. 명령하다,15,15
1474,ordinary,a. 보통의 / n. 보통의 상태,15,15
1475,organ,"n. 장기, 기관",15,15
1476,organic,a. 유기농의,15,15
1477,organize / organise,"v. 준비하다, 조직화되다",15,15
1478,orient,"v. (동쪽으로) 향하게 하다[향하다] / a. 동쪽의 / n. 동쪽, 동양",15,15
1479,orientation,"n. 방향, 성향",15,15
1480,origin,"n. 기원, 근원",15,15
1481,original,a. 원래의 / n. 원본,15,15
1482,other,a. 다른 / pron. 다른 사람[것] / ad. ~ 외에,15,15
1483,otherwise,ad. 그렇지 않으면[않았다면],15,15
1484,ought,~해야 하다 / n. 의무,15,15
1485,outcome,"n. 결과, 성과",15,15
1486,outline,n. 개요 / v. 개요를 서술하다,15,15
1487,output,n. 생산량 / v. 생산하다,15,15
1488,outrage,n. 격분 / v. 격분하게 만들다,15,15
1489,outstanding,"a. 뛰어난, 걸출한",15,15
1490,oven,"n. 오븐, 가마",15,15
1491,overall,a. 전체의 / ad. 전부 / n. 작업복,15,15
1492,overcome,"v. 극복하다, 이기다",15,15
1493,overhead,ad. 머리 위에[로] / a. 머리 위의,15,15
1494,overlap,v. 겹치다 겹쳐지다 / n. 겹침,15,15
1495,overlook,v. 못 보고 넘어가다 / n. 간과,15,15
1496,overnight,ad. 밤사이에 / a. 야간의 / v. 하룻밤을 지내다,15,15
1497,oversea(s),a. 해외의 / ad. 바다 건너 / n. 외국,15,15
1498,overwhelm,"v. 휩싸다, 압도하다",15,15
1499,owe,v. 빚지고 있다. 빚이 있다,15,15
1500,own,a. 자기 자신의 / v. 소유하다,15,15
1501,pace,n. 속도 / v. 서성거리다,16,16
1502,pack,v. 짐을 싸다 / n. 꾸러미,16,16
1503,pad,n. 패드 / v. 패드[보호대/완충재]를 대다,16,16
1504,pain,"n. 고통 / v. 아프게 하다, 아프다",16,16
1505,pair,"n. 쌍 / v. 짝지우다, 한 쌍이 되다",16,16
1506,pale,"a. 창백한 / v. 창백해지다, 창백하게 하다",16,16
1507,palm,"n. 손바닥, 야자수",16,16
1508,pan,n. 냄비 / v. 혹평하다,16,16
1509,panel,n. 판 / v. 판으로 덮다,16,16
1510,panic,n. 극심한 공포 / a. 공황적인 / v. 공황을 일으키다,16,16
1511,parade,"n. 행렬 / v. 뽐내며 걷다, 줄지어 행진시키다",16,16
1512,paragraph,"n. 단락 / v. 단락으로 나누다, 짧은 기사를 쓰다",16,16
1513,parallel,a. 평행한 / n. 평행선 / ad. 평행하여 / v. 평행하다,16,16
1514,pardon,v. 사면하다 / n. 용서,16,16
1515,parliament,"n. 의회, 국회",16,16
1516,participate,"v. 참가하다, 참여하다",16,16
1517,particle,"n. 입자, 조각",16,16
1518,particular,a. 특정한 / n. 자세한 사항,16,16
1519,particularly,"ad. 특히, 특별히",16,16
1520,passage,n. 통로 / v. 나아가다,16,16
1521,passenger,"n. 승객, 여객",16,16
1522,passion,n. 열정 / v. 열정을 느끼다,16,16
1523,passport,"n. 여권, 열쇠",16,16
1524,past,a. 지나간 / n. 과거 / prep. ~을 지나서 / ad. 지나가서,16,16
1525,pat,v. 가볍게 두드리다 / n. 가볍게 두드리기,16,16
1526,patch,n. 부분 / v. 덧대다,16,16
1527,patent,n. 특허 / a. 특허의 / v. 특허를 받다,16,16
1528,path,"n. 길, 방향",16,16
1529,patient,n. 환자 / a. 참을성 있는,16,16
1530,pattern,n. 무늬 / v. 무늬를 만들다,16,16
1531,pause,v. 멈추다 / v. 정지시키다 / n. 멈춤,16,16
1532,pave,v. 포장하다 / n. 포장 도로,16,16
1533,peace,"n. 평화, 평온",16,16
1534,peaceful,"a. 평화적인, 비폭력적인",16,16
1535,peak,n. 절정 / v. 절정에 달하다 / a. 절정기의,16,16
1536,pear,"n. 배, 배나무",16,16
1537,peasant,n. 소작인 / a. 소작인의,16,16
1538,peel,"v. 껍질을 벗기다[깎다], 껍질이 벗겨지다 / n. 껍질",16,16
1539,peer,"n. 또래 / v. ~에 필적하다, 유심히 보다",16,16
1540,penalty,"n. 처벌, 형벌",16,16
1541,pepper,n. 후추 / v. 후추를 뿌리다,16,16
1542,per,"prep. ~에 대하여, ~마다",16,16
1543,perceive,"v. 감지하다, 인지하다",16,16
1544,perception,"n. 지각, 자각",16,16
1545,perfect,a. 완벽한 / v. 완벽하게 하다,16,16
1546,perform,"v. 행하다, 작동하다",16,16
1547,perhaps,ad. 아마 / n. 우연한 일,16,16
1548,period,n. 기간 / a. 시대의,16,16
1549,permanent,a. 영구적인 / n. 파마,16,16
1550,permit,v. 허용하다 / n. 허가증,16,16
1551,persist,v. 집요하게 계속하다,16,16
1552,person,"n. 사람, 개인",16,16
1553,personality,"n. 성격, 인격",16,16
1554,perspective,n. 관점 / a. 원근법에 의한,16,16
1555,persuade,"v. 설득하다, 설득하여 ~하게 하다",16,16
1556,pet,n. 반려동물 / v. 특별히 귀여워하다,16,16
1557,phase,n. 단계 / v. 단계적으로 하다,16,16
1558,phenomenon,"n. 현상, 경이로운 사람[것]",16,16
1559,philosophy,"n. 철학, 인생관",16,16
1560,photo(graph),n. 사진 / v. 사진을 찍다,16,16
1561,phrase,n. (문법) 구(句) / v. 표현하다,16,16
1562,physical,a. 육체의 / n. 건강 검진,16,16
1563,physics,n. 물리학,16,16
1564,picnic,n. 소풍 / v. 소풍을 가다,16,16
1565,pie,n. 파이,16,16
1566,piece,n. 조각 / v. 이어서 붙이다,16,16
1567,pile,n. 쌓아 올린 것 / v. 쌓다. 모이다,16,16
1568,pill,n. 알약,16,16
1569,pin,n. 핀 / v. 핀으로 꽂다,16,16
1570,pinch,"v. 꼬집다, 너무 끼다 / n. 꼬집기",16,16
1571,pine,"n. 소나무, 솔 / v. 애타게 그리워하다",16,16
1572,pioneer,n. 개척자 / v. 개척하다 / a. 개척자의,16,16
1573,pipe,"n. 관 / v. 관을 통해 보내다, 피리를 불다",16,16
1574,pitch,n. 던지기 / v. 던지다,16,16
1575,pity,n. 연민 / v. 애석해 하다,16,16
1576,plain,a. 분명한 / n. 평원 / ad. 분명히,16,16
1577,plane,"n. 비행기 / a. 평면인 / v. 대패로 깎다, 활공하다",16,16
1578,planet,"n. 행성, 지구",16,16
1579,plant,"n. 식물, 공장 / v. 심다",16,16
1580,plate,n. 접시 / v. 도금하다,16,16
1581,platform,n. 플랫폼 / v. 단을 설치하다,16,16
1582,plenty,n. 많음 / a. 많은 / ad. 많이,16,16
1583,plot,"n. 음모, 작은 땅 / v. 음모하다, 구획하다",16,16
1584,plus,~을 더하여 / n. 플러스 부호(+) / conj. 더욱이 / v. 더하다,16,16
1585,pocket,n. 호주머니 / v. 호주머니에 넣다 / a. 호주머니에 넣을 수 있는,16,16
1586,poem,n. 시,16,16
1587,poet,n. 시인,16,16
1588,poison,n. 독 / a. 유독한 / v. 독을 넣다,16,16
1589,polar,"a. 극의, 극지의",16,16
1590,pole,"n. 극, 극지, 막대기",16,16
1591,policy,"n. 정책, 방침, 보험 증권",16,16
1592,polish,"n. 광택제 / v. 닦다, 윤을 내다",16,16
1593,polite,"a. 예의 바른, 공손한",16,16
1594,politics,"n. 정치, 정치학",16,16
1595,poll,"n. 여론 조사 / v. 득표하다, 투표하다",16,16
1596,pollute,v. 오염시키다. 더럽히다,16,16
1597,pond,"n. 연못 / v. 못을 만들다, 고이다",16,16
1598,pool,n. 수영장 / v. 물웅덩이를 만들다,16,16
1599,pop,n. 펑 하는 소리 / v. 펑 하는 소리가 나다,16,16
1600,popular,"a. 인기 있는, 일반적인",16,16
1601,populate,"v. 살다, 거주하다",17,17
1602,population,"n. 인구, 주민",17,17
1603,pork,n. 돼지고기,17,17
1604,port,"n. 항구, 항구 도시",17,17
1605,portion,n. 부분 / v. 나누다,17,17
1606,portrait,"n. 초상화, 인물 사진",17,17
1607,pose,v. 제기하다. 포즈를 취하다 / n. 포즈,17,17
1608,posit,v. 놓다 / n. 놓여 있는 것,17,17
1609,position,n. 위치 / v. 놓다,17,17
1610,positive,a. 긍정적인 / n. 현실,17,17
1611,possess,"v. 소유하다, 지니고 있다",17,17
1612,possible,a. 가능한 / n. 가능성,17,17
1613,post,"n. 우편, 기둥 / v. 붙이다",17,17
1614,poster,n. 포스터 / v. 포스터 [벽보]를 붙이다,17,17
1615,pot,"n. 냄비 / v. 통에 넣다, 쏘다",17,17
1616,potential,a. 가능성이 있는 / n. 가능성,17,17
1617,pour,"v. 붓다, 흘러나오다 / n. 유출",17,17
1618,powder,n. 가루 / v. 가루로 만들다,17,17
1619,practical,a. 현실[실질]적인 / n. 실기 시험,17,17
1620,practice / practise,n. 연습 / v. 연습하다,17,17
1621,praise,n. 칭찬 / v. 칭찬하다,17,17
1622,pray,"v. 기도하다, 빌다",17,17
1623,preach,"v. 설교하다, 전도하다 / n. 설교",17,17
1624,precede,"v. 앞서다, 선행하다",17,17
1625,precise,"a. 정확한, 정밀한",17,17
1626,predator,"n. 포식자, 포식 동물",17,17
1627,predict,"v. 예측하다, 예견하다",17,17
1628,prefer,"v. ~을 (더) 좋아하다, 선호하다",17,17
1629,pregnant,"a. 임신한, 그득한",17,17
1630,prejudice,n. 편견 / v. 편견을 갖게 하다,17,17
1631,premium,n. 보험료 / a. 우수한,17,17
1632,prepare,"v. 준비하다, 대비하다",17,17
1633,prescribe,"v. 처방을 내리다, 처방하다",17,17
1634,presence,"n. 출석, 참석",17,17
1635,preserve,"v. 보호하다, 저장하다 / n. 전유물",17,17
1636,preside,"v. 주재하다, 주도하다",17,17
1637,president,"n. 대통령, 의장",17,17
1638,press,"n. 신문, 언론 / v. 누르다, 밀다",17,17
1639,presume,"v. 추정하다, 가정하다",17,17
1640,pretend,v. ~인 척하다 / a. 가짜의,17,17
1641,prevail,"v. 만연하다, 우세하다",17,17
1642,prevent,"v. 막다, 방해하다",17,17
1643,previous,"a. 이전의, 앞의",17,17
1644,prey,n. 먹이 / v. 잡아먹다,17,17
1645,price,n. 값 / v. 값을 매기다,17,17
1646,pride,n. 자랑스러움 / v. 자랑스러워하다,17,17
1647,priest,n. 성직자 / v. 성직자로 임명하다,17,17
1648,primary,a. 주된 / n. 예비 선거,17,17
1649,prime,a. 주된 / n. 한창때,17,17
1650,primitive,"a. 원시의, 원시 사회의",17,17
1651,principal,a. 주요한 / n. 우두머리,17,17
1652,principle,"n. 원칙, 주의",17,17
1653,prior,"a. 이전의, 앞의",17,17
1654,prison,n. 교도소 / v. 감금하다,17,17
1655,privacy,"n. 혼자 있는 상태, 사생활",17,17
1656,private,a. 사유의 / n. 병사,17,17
1657,privilege,n. 특권 / v. 특권을 주다,17,17
1658,prize,n. 상 / v. 소중히 하다,17,17
1659,probable,a. 있을 것 같은 / n. 일어날 듯한 사건,17,17
1660,probably,"ad. 아마, 십중팔구는",17,17
1661,procedure,"n. 절차, 방법",17,17
1662,proceed,"v. 계속 진행하다, 계속하다",17,17
1663,process,"n. 과정 / v. 가공[처리]하다, 행진하다",17,17
1664,produce,"v. 생산하다, 산출하다 / n. 생산물[품]",17,17
1665,profession,"n. 직업, 직종",17,17
1666,professor,"n. 교수, 교사",17,17
1667,profile,"n. 옆얼굴(의 윤곽), 개요 / v. 윤곽을 그리다",17,17
1668,profit,n. 이익 / v. 이익을 주다,17,17
1669,profound,a. 엄청난 / n. 깊음,17,17
1670,progress,n. 진전 / v. 진전을 보이다,17,17
1671,prohibit,"v. 금하다, 금지하다",17,17
1672,prominent,"a. 중요한, 유명한",17,17
1673,promise,v. 약속하다 / n. 약속,17,17
1674,promote,"v. 촉진하다, 고취하다",17,17
1675,prompt,a. 즉각적인 / v. 촉발하다 / n. 자극[촉발]하는 것,17,17
1676,pronounce,"v. 발음하다, 의견을 말하다",17,17
1677,pronunciation,"n. 발음, 발음 표기",17,17
1678,proof,n. 입증 / a. 견딜 수 있는 / v. 방수[방염] 처리를 하다,17,17
1679,proper,"a. 적절한, 적당한",17,17
1680,property,"n. 재산, 소유물",17,17
1681,proportion,n. 부분 / v. 할당하다,17,17
1682,propose,"v. 제안하다, 제의하다",17,17
1683,prospect,n. 가망 / v. 탐사하다,17,17
1684,prosper,"v. 번영하다, 번영하게 하다",17,17
1685,protect,"v. 보호하다, 지키다",17,17
1686,protein,n. 단백질 / a. 단백질의,17,17
1687,protest,n. 항의 / v. 항의 [반대]하다,17,17
1688,proud,"a. 자랑스러워하는, 자랑스러운",17,17
1689,prove,"v. 증명하다, 드러나다",17,17
1690,provide,"v. 제공하다, 공급하다",17,17
1691,province,"n. 주(州), 도(道)",17,17
1692,provoke,"v. 유발하다, 야기하다",17,17
1693,psychology,"n. 심리학, 심리 (상태)",17,17
1694,pub,n. 퍼브(대중적 술집),17,17
1695,public,"a. 일반인의, 공공의 / n. 일반 사람들",17,17
1696,publish,v. 출판하다,17,17
1697,publisher,"n. 출판인, 발행인",17,17
1698,pull,"v. 끌다, 당기다 / n. 끌기",17,17
1699,pump,n. 펌프 / v. 퍼 올리다,17,17
1700,punch,v. 주먹으로 치다 / n. 치기,17,17
1701,punish,"v. 처벌하다, 응징하다",18,18
1702,pupil,"n. 학생, 눈동자, 동공",18,18
1703,purchase,n. 구입 / v. 구입하다,18,18
1704,pure,"a. 순수한, 깨끗한",18,18
1705,purple,a. 자주색의 / n. 자주색 / v. 자주색이 되게 하다,18,18
1706,purpose,n. 목적 / v. 작정하다,18,18
1707,pursue,"v. 추구하다, 쫓아가다",18,18
1708,puzzle,"n. 퍼즐 / v. 당황하게 하다, 당황하다",18,18
1709,qualify,"v. 자격을 주다, 출전할 자격이 있다",18,18
1710,quality,n. 질 / a. 고급의,18,18
1711,quantity,"n. 양, 수량",18,18
1712,quarter,n. 4분의 1 / v. 4등분 하다 / a. 4분의 1의,18,18
1713,questionnaire,n. 설문지,18,18
1714,quit,"v. 그만두다 / a. 자유로운 / n. 놓아주기, 사직",18,18
1715,quite,"ad. 꽤, 제법",18,18
1716,quote,v. 인용하다 / n. 인용문,18,18
1717,rage,n. 격렬한 분노 / v. 몹시 화를 내다,18,18
1718,rail,"n. 난간 / v. 난간으로 둘러싸다, 기차여행을 하다",18,18
1719,rainbow,n. 무지개,18,18
1720,raise,v. 들어올리다 / n. 올리기,18,18
1721,rally,"n. 집회 / v. 결집시키다, 모이다",18,18
1722,random,a. 닥치는 대로의 / n. 닥치는 대로 하기,18,18
1723,range,"n. 범위 / v. 배열하다, (양·크기 등이 일정한 범위) 이다",18,18
1724,rank,"n. 지위 / v. 매기다, 차지하다",18,18
1725,rapid,a. 빠른 / n. 급류,18,18
1726,rare,"a. 드문, 희귀한, 설익은",18,18
1727,rat,n. 쥐 / v. 쥐를 잡다,18,18
1728,rate,"n. 속도 / v. 평가하다, 평가되다",18,18
1729,rather,"ad. 오히려, 꽤",18,18
1730,rational,"a. 합리적인, 이성적인",18,18
1731,raw,a. 익히지 않은 / n. 찰과상,18,18
1732,reach,"v. 이르다, 뻗다 / n. 거리",18,18
1733,react,"v. 반응하다, 반응을 보이다",18,18
1734,real,a. 현실적인 / ad. 정말 / n. 현실,18,18
1735,realize / realise,"v. 깨닫다, 실현하다",18,18
1736,rear,n. 뒤 / a. 후방의 / ad. 후방에서 / v. 기르다,18,18
1737,reason,"n. 이유 / v. 논하다, 판단하다",18,18
1738,reasonable,"a. 타당한, 사리에 맞는",18,18
1739,rebel,n. 반역자 / v. 반란을 일으키다,18,18
1740,receipt,n. 영수증,18,18
1741,receive,"v. 받다, 손님을 맞이하다",18,18
1742,recent,a. 최근의 / n. 현세,18,18
1743,reception,"n. 접수처, 프런트",18,18
1744,recipe,"n. 조리법, 요리법",18,18
1745,recognize,"v. 알아보다, 서약서를 제출하다",18,18
1746,recommend,"v. 추천하다, 천거하다",18,18
1747,record,n. 기록 / v. 기록하다 / a. 기록적인,18,18
1748,recover,"v. 되찾다, 회복되다",18,18
1749,recruit,"v. 모집하다, 보충하다 / n. 신병",18,18
1750,recycle,"v. 재활용하다, 재생하다",18,18
1751,reduce,v. 줄이다 줄다,18,18
1752,refer,"v. 조회하다, 조회시키다",18,18
1753,refine,"v. 정제하다, 순수해지다",18,18
1754,reflect,"v. 반사하다, 비추다",18,18
1755,reform,"v. 개혁하다, 개심하다 / n. 개혁",18,18
1756,refrigerate,"v. 식히다, 차가워지다",18,18
1757,refrigerator,"n. 냉장고, 냉각 장치",18,18
1758,refuse,"v. 거절하다, 거부하다",18,18
1759,regard,"v. 여기다, 주시하다 / n. 관심",18,18
1760,region,"n. 지방, 지역",18,18
1761,register,v. 등록하다 / n. 기록부,18,18
1762,regret,v. 후회하다 / n. 후회,18,18
1763,regular,a. 규칙적인 / n. 단골손님 / ad. 규칙적으로,18,18
1764,regulate,"v. 규제하다, 통제하다",18,18
1765,reinforce,v. 강화하다 / n. 보강물,18,18
1766,reject,v. 거부하다 / n. 불합격품,18,18
1767,relate,"v. 관련시키다, 관계가 있다",18,18
1768,relation,"n. 관계, 사이",18,18
1769,relationship,"n. 관계, 친족 관계",18,18
1770,relative,n. 친척 / a. 비교상의,18,18
1771,relax,"v. 편하게 하다, 휴식을 취하다",18,18
1772,release,v. 풀어 주다 / n. 석방,18,18
1773,relevant,"a. 관련 있는, 적절한",18,18
1774,relief,"n. 안도, 안심",18,18
1775,relieve,"v. 없애 주다, 완화하다",18,18
1776,religion,"n. 종교, 종파",18,18
1777,reluctant,"a. 꺼리는, 마음 내키지 않는",18,18
1778,rely,v. 의지하다. 의존하다,18,18
1779,remain,v. 남다 / n. 나머지,18,18
1780,remark,"n. 말 / v. 말하다, 알아채다",18,18
1781,remedy,n. 해결책 / v. 치료하다,18,18
1782,remind,"v. 상기시키다, 생각나게 하다",18,18
1783,remote,a. 외진 / n. 현장 중계 / ad. 멀리 떨어져,18,18
1784,remove,"v. 치우다, 이동하다 / n. 이동",18,18
1785,rent,n. 집세 / v. 세내다,18,18
1786,repair,v. 수리하다 / n. 수리,18,18
1787,repeat,"v. 반복하다, 되풀이되다 / n. 반복",18,18
1788,replace,"v. 대신하다, 대체하다",18,18
1789,reply,v. 대답하다 / n. 대답,18,18
1790,report,"v. 발표하다, 보고하다 / n. 보고(서)",18,18
1791,represent,"v. 나타내다, 상징하다",18,18
1792,republic,"n. 공화국, -계",18,18
1793,reputation,"n. 평판, 명성",18,18
1794,request,n. 요청 / v. 요청하다,18,18
1795,require,"v. 필요하다, 필요로 하다",18,18
1796,rescue,v. 구조하다 / n. 구조 / a. 구조의,18,18
1797,research,n. 연구 / v. 연구하다,18,18
1798,resemble,"v. 닮다, 비슷하다",18,18
1799,reserve,v. 예약하다 / n. 비축 / a. 예비의,18,18
1800,reside,"v. 살다, 거주하다",18,18
1801,resident,n. 거주자 / a. 거주하는,19,19
1802,resign,"v. 사임하다, 사직하다",19,19
1803,resist,v. 저항하다 / n. 방염제,19,19
1804,resolve,"v. 해결하다, 결심하다 / n. 결심",19,19
1805,resort,n. 휴양지 / v. 의지하다,19,19
1806,resource,n. 자원 / v. 자원을 제공하다,19,19
1807,respect,n. 존경(심) / v. 존경하다,19,19
1808,respective,"a. 각자의, 각각의",19,19
1809,respond,"v. 대답하다, 응답하다 / n. 벽기둥",19,19
1810,responsible,"a. 책임지고 있는, 책임이 있는",19,19
1811,rest,"n. 휴식, 나머지 / v. 쉬다. 쉬게 하다, (여전히 계속) ~이다",19,19
1812,restore,"v. 회복시키다, 되찾게 하다",19,19
1813,restrain,"v. 저지하다, 제지하다",19,19
1814,restrict,"v. 제한하다, 한정하다",19,19
1815,result,n. 결과 / v. 발생하다,19,19
1816,resume,"v. 다시 시작하다 / n. 개요, 요약, 이력서",19,19
1817,retail,n. 소매 / a. 소매의 / v. 소매하다 / ad. 소매로,19,19
1818,retain,"v. 유지하다, 보유하다",19,19
1819,retire,"v. 은퇴하다, 퇴직시키다",19,19
1820,retreat,"v. 후퇴하다, 후퇴시키다 / n. 후퇴",19,19
1821,reveal,v. 밝히다 / n. 계시,19,19
1822,revenge,n. 복수 / v. 복수하다,19,19
1823,reverse,"v. 뒤바꾸다, 뒤바뀌다 / n. (정)반대 / a. (정)반대의",19,19
1824,review,"n. 검토 / v. 재검토하다, 논평하다",19,19
1825,revise,v. 변경하다 / n. 수정판,19,19
1826,revive,"v. 의식을 되찾다, 회복시키다",19,19
1827,revolution,"n. 혁명, 변혁",19,19
1828,reward,"n. 보상 / v. 보상하다, 보답하다",19,19
1829,rhythm,"n. 리듬, 율동",19,19
1830,rice,n. 쌀 / v. 으깨다,19,19
1831,rid,"v. 없애다, 제거하다",19,19
1832,ride,"v. 타다, 타고 가다 / n. 타기",19,19
1833,ridicule,n. 조롱 / v. 조롱하다,19,19
1834,ridiculous,"a. 웃기는, 우스운",19,19
1835,riot,n. 폭동 / v. 폭동[소요]을 일으키다,19,19
1836,rise,"n. 오름 / v. 일어나다, 올리다",19,19
1837,risk,n. 위험 / v. 위태롭게 하다,19,19
1838,rival,n. 경쟁자 / a. 경쟁하는 / v. 경쟁하다,19,19
1839,roar,"v. 으르렁거리다, 큰 소리로 말하다 / n. 으르렁거림",19,19
1840,roast,"v. 굽다, 구워지다 / n. 구운 고기 / a. 구운",19,19
1841,rob,"v. 빼앗다, 도둑질을 하다",19,19
1842,rocket,"n. 로켓 / v. 로켓탄으로 공격하다, 치솟다",19,19
1843,rod,"n. 막대, 장대",19,19
1844,role,"n. 역할, 임무",19,19
1845,roll,n. 통 / v. 구르다 굴리다,19,19
1846,romantic,a. 로맨틱한,19,19
1847,roof,n. 지붕 / v. 지붕을 덮다,19,19
1848,root,n. 뿌리 / a. 뿌리의 / v. 뿌리를 내리다,19,19
1849,rope,n. 밧줄 / v. 밧줄로 묶다,19,19
1850,rot,"v. 썩다, 썩히다 / n. 썩음",19,19
1851,rough,a. 고르지 않은 / n. 러프 / ad. 거칠게 / v. 거칠게 하다,19,19
1852,round,a. 둥근 / ad. 둥글게 / n. 둥근 모양 / v. 둥글게 하다,19,19
1853,route,n. 길 / v. 보내다,19,19
1854,routine,n. 일 / a. 정례적인,19,19
1855,row,"n. 열, (노) 젓기, 소란 / v. 줄 세우다, 노를 젓다, 꾸짖다",19,19
1856,royal,a. 왕의 / n. 왕족,19,19
1857,rub,"v. 문지르다, 마찰되다 / n. 문지르기",19,19
1858,rubber,n. 고무 / a. 고무로 만든,19,19
1859,rude,"a. 무례한, 버릇 없는",19,19
1860,ruin,"v. 망치다, 폐허가 되다 / n. 붕괴",19,19
1861,rule,n. 규칙 / v. 지배하다,19,19
1862,rumo(u)r,n. 소문 / v. 소문을 내다,19,19
1863,rural,"a. 시골의, 지방의",19,19
1864,rush,v. 급속히 움직이다 / n. 급작스러운 움직임,19,19
1865,sack,"n. 부대, 약탈 / v. 해고하다, 약탈하다",19,19
1866,sacred,"a. 성스러운, 신성한",19,19
1867,sacrifice,n. 희생 / v. 희생하다,19,19
1868,sail,"v. 항해하다, 조종하다 / n. 돛",19,19
1869,salary,n. 급여 / a. 급여를 받는 / v. 급여를 주다,19,19
1870,sample,n. 견본 / a. 견본의 / v. 맛보다,19,19
1871,satellite,n. 위성 / a. (인공)위성의,19,19
1872,satisfy,"v. 만족시키다, 충족시키다",19,19
1873,sauce,n. 소스 / v. 소스를 치다,19,19
1874,scale,"n. 규모, 저울, 비늘 / v. 오르다, 비례하다, 무게가 ~이다. 비닐을 벗기다",19,19
1875,scan,v. 살피다 / n. 정밀 검사,19,19
1876,scandal,n. 추문 / v. 비방하다,19,19
1877,scarce,a. 부족한 / ad. 겨우,19,19
1878,scare,v. 겁먹게 하다 / n. 놀람 / a. 두려워하게 하는,19,19
1879,scarf,n. 스카프 / v. 스카프를 두르다,19,19
1880,scatter,"v. (흩)뿌리다, 흩어지다 / n. 흩뿌리기",19,19
1881,scene,"n. 현장, 장면",19,19
1882,schedule,n. 스케줄 / v. 일정을 잡다,19,19
1883,scheme,n. 계획 / v. 책략을 꾸미다,19,19
1884,scholar,"n. 학자, 장학생",19,19
1885,scope,"n. 기회, 여지 / v. 샅샅이 살피다",19,19
1886,scramble,v. 몸을 움직이다 / n. 기어오르기,19,19
1887,scratch,v. 긁다 / n. 긁기,19,19
1888,scream,v. 비명을 지르다 / n. 비명,19,19
1889,screen,"n. 화면 / v. 가리다, 상영되다",19,19
1890,screw,"n. 나사[못] / v. 나사로 고정시키다, (나사가) 돌다",19,19
1891,sculpt,"v. 조각하다, 새기다",19,19
1892,sculpture,n. 조각품 / v. 조각하다,19,19
1893,seal,"v. 봉하다 / n. 직인, 바다표범",19,19
1894,search,"n. 찾기 / v. 찾다, 수색하다",19,19
1895,seat,"n. 자리 / v. 앉히다, 의자에 앉다",19,19
1896,secret,a. 비밀의 / n. 비밀,19,19
1897,secretary,"n. 비서, 서기",19,19
1898,section,n. 부분 / v. 구분하다,19,19
1899,sector,"n. 부문, 구역 / v. 부채꼴로 분할하다",19,19
1900,secure,a. 안심하는 / v. 안전하게 지키다,19,19
1901,seed,n. 씨 / v. 씨를 뿌리다 / a. 씨의,20,20
1902,seek,"v. 찾다, 구하다",20,20
1903,seem,v. ~인 것처럼 보이다,20,20
1904,seize,"v. 와락[꽉] 붙잡다, 잡다",20,20
1905,select,v. 선발하다 / a. 엄선된 / n. 고급품,20,20
1906,self,"n. 모습, 본모습",20,20
1907,senior,a. 손위의 / n. 연장자,20,20
1908,sensation,"n. 느낌, 감각",20,20
1909,sense,n. 감각 / v. 감지하다,20,20
1910,sensible,"a. 분별 있는, 합리적인",20,20
1911,sentence,n. 문장 / v. 선고하다,20,20
1912,sentiment,"n. 정서, 감정",20,20
1913,separate,"a. 분리된 / v. 분리되다, 나누다",20,20
1914,sequence,n. 연속 / v. 차례로 배열하다,20,20
1915,series,"n. 연속, 연쇄",20,20
1916,serious,"a. 심각한, 중대한",20,20
1917,serve,"v. 일하다, 시중들다 / n. 서브 (넣기)",20,20
1918,session,"n. 시간, 기간",20,20
1919,settle,"v. 해결하다, 합의하다",20,20
1920,several,a. 몇몇의 / pron. 몇몇,20,20
1921,severe,"a. 극심한, 심각한",20,20
1922,sew,"v. 만들다, 바느질하다",20,20
1923,shade,n. 그늘 / v. 그늘지게 하다,20,20
1924,shadow,n. 그림자 / v. 그림자를 드리우다,20,20
1925,shake,"v. 흔들리다, 뒤흔들다 / n. 흔들기",20,20
1926,shall,(미래) ~일 것이다 (의지) ~할 것이다,20,20
1927,shallow,"a. 얕은 / n. 얕은 곳 / v. 얕게 하다, 얕아지다 / ad. 얕게",20,20
1928,shame,n. 수치심 / v. 창피스럽게 하다,20,20
1929,shape,"n. 모양 / v. 모양[형태]으로 만들다, 구체화되다",20,20
1930,share,"v. 나누다, 함께 나누다[하다] / n. 몫",20,20
1931,sharp,a. 날카로운 / ad. 날카롭게 / n. 날카로운 것,20,20
1932,shave,"v. 면도하다, 깎다 / n. 면도",20,20
1933,sheep,n. 양,20,20
1934,sheet,n. 시트 / v. 시트를 깔다,20,20
1935,shelf,"n. 선반, 책꽂이",20,20
1936,shell,n. 껍데기 / v. 껍데기를 벗기다,20,20
1937,shelter,"n. 대피(처), 보호소 / v. 보호하다, 피하다",20,20
1938,shift,"v. 옮기다, 바꾸다 / n. 변화",20,20
1939,shine,v. 빛나다 비추다 / n. 윤(기),20,20
1940,shock,n. 충격 / v. 충격을 주다,20,20
1941,shoot,v. 쏘다 / n. 사격,20,20
1942,shore,"n. 기슭, 해안, 지주 / v. 지주를 받치다",20,20
1943,shoulder,"n. 어깨 / v. 짊어지다, 어깨로 밀어 헤치며 나아가다",20,20
1944,shout,"v. 외치다, 큰 소리로 말하다 / n. 외침",20,20
1945,shower,n. 소나기 / v. 소나기로 적시다,20,20
1946,shut,"v. 닫다, 닫히다 / a. 닫힌",20,20
1947,sigh,"v. 한숨을 쉬다, 한숨 쉬며 말하다 / n. 한숨",20,20
1948,sight,"n. 시력 / v. 갑자기 보다, 겨냥하다 / a. 처음 보는",20,20
1949,sign,n. 징후 / v. 서명하다,20,20
1950,significant,"a. 중요한, 의미 있는",20,20
1951,silent,"a. 말을 안 하는, 침묵하는",20,20
1952,silly,a. 어리석은 / n. 바보,20,20
1953,silver,n. 은 / a. 은의,20,20
1954,similar,a. 비슷한 / n. 유사물,20,20
1955,simple,a. 간단한 / n. 어수룩한 사람,20,20
1956,simulate,v. ~한 체하다 / a. 흉내 낸,20,20
1957,simultaneous,"a. 동시의, 동시에 일어나는",20,20
1958,sin,n. 죄 / v. 죄를 짓다,20,20
1959,since,prep. ~부터 / conj. ~한 이후로,20,20
1960,single,a. 단 하나의 / n. 하나 / ad. 혼자서,20,20
1961,sink,"v. 가라앉다, 침몰시키다 / n. 싱크대",20,20
1962,site,n. 위치 / v. 위치시키다,20,20
1963,situate,"v. 두다, 위치시키다",20,20
1964,situation,"n. 상황, 처지",20,20
1965,skill,"n. 기량, 솜씨",20,20
1966,skip,v. 깡충깡충 뛰다 뛰어넘다 / n. 깡충깡충 뛰기,20,20
1967,slave,n. 노예 / a. 노예의,20,20
1968,slice,n. 조각 / v. 썰다. 얇게 자르다,20,20
1969,slide,v. 미끄러지다 / n. 미끄러짐,20,20
1970,slight,a. 약간의 / n. 무시 / v. 무시하다,20,20
1971,slim,a. 날씬한 / v. 살을 빼다,20,20
1972,slip,"v. 미끄러지다, 놓아주다 / n. 실수",20,20
1973,slope,n. 비탈 / v. 경사지다 / a. 경사진,20,20
1974,smart,"a. 맵시 좋은, 영리한 / v. 욱신거리다 / n. 욱신거림",20,20
1975,smash,"v. 박살내다, 부딪치다 / n. 박살내기",20,20
1976,smoke,"n. 연기 / v. 피우다, 흡연을 하다",20,20
1977,smooth,a. 매끈한 / ad. 평탄하게 / v. 매끈하게 하다,20,20
1978,snack,n. 간단한 식사 / v. 식사를 간단히 하다,20,20
1979,snake,n. 뱀 / v. 꿈틀거리다,20,20
1980,snap,v. 딱 하고 부러뜨리다 / n. 찰칵 하는 소리 / a. 성급한,20,20
1981,sneak,v. 살금살금 가다 / n. 몰래 하기,20,20
1982,soak,"v. (액체 속에) 잠그다, 잠기다 / n. (액체 속에) 잠그기",20,20
1983,soap,n. 비누 / v. 비누칠을 하다,20,20
1984,social,a. 사회의 / n. 사교 파티,20,20
1985,society,"n. 사회, 집단",20,20
1986,sociology,n. 사회학,20,20
1987,soil,"n. 토양, 더럽히기 / v. 더럽히다, 얼룩지다",20,20
1988,soldier,n. 군인 / v. 군인이 되다,20,20
1989,sole,"a. 유일한, 단 하나의 / n. 발바닥",20,20
1990,solid,a. 단단한 / n. 고체 / ad. 일치하여,20,20
1991,solve,"v. 해결[타결]하다, 풀다",20,20
1992,somewhat,ad. 어느 정도 / n. 조금,20,20
1993,soon,"ad. 곧, 머지않아",20,20
1994,sophisticate,v. 궤변을 부리다 / n. 안식이 높은 사람,20,20
1995,sore,a. 아픈 / n. 상처 / ad. 몹시,20,20
1996,sort,"n. 종류 / v. 분류하다, 조화되다",20,20
1997,soul,"n. 영혼, 혼",20,20
1998,sour,a. 신 / n. 신맛,20,20
1999,source,n. 원천 / v. 구입하다,20,20
2000,span,n. 기간 / v. (얼마의 기간에) 걸치다,20,20
2001,spare,"a. 남는 / n. 여분 / v. 할애하다, 절약하다",21,21
2002,spark,"n. 불꽃 / v. (불꽃을) 튀기다, 불꽃이 튀다",21,21
2003,special,a. 특수한 / n. 특별한 것,21,21
2004,species,n. 종(種: 생물 분류의 기초 단위),21,21
2005,specific,a. 구체적인 / n. 특성,21,21
2006,spectacle,"n. 장관, 광경",21,21
2007,spectrum,"n. 스펙트럼, 빛띠",21,21
2008,speech,"n. 연설, 담화",21,21
2009,spell,v. 철자를 말하다[쓰다] / n. 주문,21,21
2010,spend,"v. 쓰다, 낭비하다 / n. 비용",21,21
2011,sphere,n. 구(球),21,21
2012,spill,"v. 흐르다, 흘리다 / n. 흘림",21,21
2013,spin,"v. 돌다, 회전시키다 / n. 회전",21,21
2014,spirit,n. 정신 / v. 기운을 북돋우다,21,21
2015,spit,"v. 뱉다, 침을 뱉다 / n. 침",21,21
2016,splash,v. 튀다. 끼얹다 / n. (물 등을) 튀김,21,21
2017,split,"v. 나누다, 나뉘다 / n. 분할 / a. 분할된",21,21
2018,spoil,"v. 망치다, 상하다 / n. 약탈품",21,21
2019,sponsor,n. 광고주 / v. 광고주[스폰서]가 되다,21,21
2020,spot,n. 점 / v. 점을 찍다. 더럽혀지다 / a. 즉석의,21,21
2021,spouse,n. 배우자 / v. 결혼하다,21,21
2022,spray,"n. 물보라, 잔가지 / v. 물보라를 일으키다",21,21
2023,spread,"v. 펼치다, 펼쳐지다 / n. 확산",21,21
2024,spy,"n. 스파이 / v. 스파이 활동[노릇]을 하다, 알아채다",21,21
2025,square,a. 정사각형 모양의 / n. 정사각형,21,21
2026,squeeze,v. (손가락으로 꼭) 짜다 압착되다 / n. (꼭) 짜기,21,21
2027,stable,"a. 안정된 / n. 안정성, 마구간",21,21
2028,stack,"n. 더미 / v. 쌓다, 쌓이다",21,21
2029,stage,n. 단계 / a. 무대의,21,21
2030,stain,"v. 얼룩지게 하다, 더러워지다 / n. 얼룩",21,21
2031,stairs,n. 계단,21,21
2032,stamp,"n. 우표 / v. 구르다, 쿵쾅거리며 걷다",21,21
2033,standard,"n. 표준, 기준 / a. 일반적인",21,21
2034,stare,"v. 빤히 쳐다보다, 응시하다 / n. 응시",21,21
2035,starve,"v. 굶주리다, 굶기다",21,21
2036,state,n. 상태 / a. 국가의 / v. 말하다,21,21
2037,station,n. 역 / v. 배치하다,21,21
2038,statistic,n. 통계 / a. 통계의,21,21
2039,statue,"n. 조각상, 조상(彫像)",21,21
2040,status,"n. 신분, 자격",21,21
2041,steady,a. 꾸준한 / v. 균형을 잡다 / ad. 흔들림 없이,21,21
2042,steal,"v. 훔치다, 도둑질하다 / n. 훔치기",21,21
2043,steam,n. 김 / v. 김[증기]을 내뿜다 찌다,21,21
2044,steel,n. 강철 / v. 강철을 입히다,21,21
2045,steep,a. 가파른 / n. 가파른 곳,21,21
2046,stem,"n. 줄기 / v. 줄기를 떼어내다, 일어나다, (흐름을 막다)",21,21
2047,step,n. 걸음 / v. 걷다. 디디다,21,21
2048,stick,"n. 나뭇가지, 찌르기 / v. 막대기로 받치다, 찌르다",21,21
2049,stiff,a. 뻣뻣한 / ad. 몹시 / n. 시체 / v. 속이다,21,21
2050,still,ad. 아직도 / a. 가만히 있는 / n. 고요 / v. 고요[잠잠]하게 하다,21,21
2051,stimulate,"v. 자극하다, 격려가 되다",21,21
2052,stir,"v. 젓다, 약간 움직이다[흔들리다] / n. 동요",21,21
2053,stitch,n. (바느질에서) 땀 / v. 바느질하다,21,21
2054,stock,n. 재고품 / v. (가게에 상품을 갖춰 두고) 있다 / a. 재고가 있는,21,21
2055,stomach,n. 위 / v. 즐기다,21,21
2056,storm,"n. 폭풍 / v. 기습하다, 급습하다",21,21
2057,stove,n. 스토브 / v. 스토브로 데우다,21,21
2058,straight,ad. 똑바로 / a. 곧은 / n. 똑바름,21,21
2059,strain,"n. 부담, 종족, 혈통 / v. 혹사하다, 안간힘을 쓰다",21,21
2060,strange,a. 이상한 / ad. 이상하게,21,21
2061,strategy,"n. 계획, 전략",21,21
2062,stream,"n. 개울 / v. 흐르다, 흘리다",21,21
2063,stress,"n. 스트레스 / v. 강조하다, 스트레스를 받다",21,21
2064,stretch,v. 늘이다. 늘어나다 / n. 뻗은 지역,21,21
2065,strict,"a. 엄한, 엄격한",21,21
2066,strike,"v. 치다, 두드리다 / n. 파업",21,21
2067,string,"n. 끈 / v. 묶다, 줄지어 늘어서다 / a. 줄로 된",21,21
2068,strip,v. 벗기다. 옷을 벗다 / n. 가느다란 조각,21,21
2069,stripe,n. 줄무늬 / v. 줄무늬를 넣다,21,21
2070,stroke,"n. 치기, 쓰다듬기 / v. 선[획]을 긋다. 어루만지다",21,21
2071,structure,n. 구조 / v. 조직하다,21,21
2072,struggle,v. 투쟁하다 / n. 투쟁,21,21
2073,studio,"n. 스튜디오, 영화 촬영소",21,21
2074,stuff,"n. 것[것들] / v. 채워 넣다, 잔뜩 먹다",21,21
2075,subject,n. 주제 / a. ~될 수 있는 / v. 지배하에 두다,21,21
2076,subjective,"a. 주관적인, 마음속에 존재하는",21,21
2077,submarine,n. 잠수함 / a. 바다 속의,21,21
2078,submission,"n. 항복, 굴복",21,21
2079,submit,"v. 제출하다, 항복하다",21,21
2080,subscribe,"v. 구독하다, 기부하다",21,21
2081,substance,"n. 물질, 실체",21,21
2082,substantial,a. 상당한 / n. 실체[실질]적인 것,21,21
2083,substitute,n. 대리인 / a. 대리의 / v. 교체하다. 대신하다,21,21
2084,subtle,"a. 미묘한, 감지하기 힘든",21,21
2085,suburb,"n. 교외, 시외",21,21
2086,succeed,"v. 성공하다, 뒤를 잇다",21,21
2087,success,"n. 성공, 성과",21,21
2088,such,a. 그런 / pron. 그런 사람[것](https://www.google.com/search?q=%EB%93%A4),21,21
2089,suck,"v. 빨다, 빨아 먹다 / n. 빨기",21,21
2090,sudden,a. 갑작스러운 / ad. 갑자기 / n. 돌연,21,21
2091,suffer,"v. 시달리다, 겪다",21,21
2092,suffice,v. (~에) 충분하다,21,21
2093,sufficient,a. 충분한 / n. 충분(한양),21,21
2094,suggest,"v. 제안하다, 제의하다",21,21
2095,suicide,"n. 자살 / v. 자살하다, 죽이다",21,21
2096,suit,n. 정장 / v. 편리하다,21,21
2097,suite,"n. 스위트룸, (가구) 세트",21,21
2098,sum,"n. 액수, 총합 / v. 합하다, 합[합계]이 ~이 되다",21,21
2099,summary,n. 요약 / a. 간략한,21,21
2100,summit,n. (산의) 정상 / v. 정상 회담에 참석하다,21,21
2101,super,a. 대단한 / ad. 특별히 / n. 건물 관리인,22,22
2102,superb,"a. 최고의, 최상의",22,22
2103,superior,a. 우수한 / n. 상관,22,22
2104,supervise,"v. 감독하다, 지휘하다",22,22
2105,supper,"n. 저녁, 야식",22,22
2106,supplement,n. 보충(물) / v. 보충하다,22,22
2107,supply,n. 공급(량) / v. 공급하다 / a. 보급의,22,22
2108,support,v. 지지하다 / n. 지지,22,22
2109,suppose,"v. 생각하다, 추정하다",22,22
2110,surface,n. 표면 / a. 표면의,22,22
2111,surgery,"n. 외과, 수술",22,22
2112,surprise,n. 뜻밖의 일 / v. 놀라게 하다,22,22
2113,surrender,"v. 항복하다, 포기하다 / n. 항복",22,22
2114,surround,v. 둘러싸다 / n. 가장자리,22,22
2115,survey,"n. 조사 / v. 살피다, 측량하다",22,22
2116,survive,"v. 살아남다, 견뎌 내다",22,22
2117,suspect,v. 의심하다 / n. 혐의자 / a. 의심스러운,22,22
2118,suspend,"v. 매달다, 정지하다",22,22
2119,sustain,"v. 유지하다, 살아가게 하다",22,22
2120,swallow,"v. 삼키다 / n. 삼키기, 제비",22,22
2121,swear,"v. 맹세하다, 욕을 하다 / n. 서약, 선서, 욕설",22,22
2122,sweat,n. 땀 / v. 땀을 흘리다,22,22
2123,sweater,"n. 스웨터, 땀 흘리는 사람[것]",22,22
2124,sweep,v. 쓸다 / n. 쓸기,22,22
2125,sweet,a. 달콤한 / n. 단 것,22,22
2126,swell,"v. 붓다, 붓게 하다 / n. 팽창",22,22
2127,swift,a. 신속한 / ad. 빠르게 / n. 칼새,22,22
2128,swing,"v. 흔들리다, 흔들다 / n. 흔들기",22,22
2129,switch,"n. 스위치 / v. 바꾸다, 바뀌다",22,22
2130,symbol,n. 상징(물) / v. 상징을 이용하다,22,22
2131,sympathy,"n. 동정, 연민",22,22
2132,symphony,"n. 교향곡, 심포니",22,22
2133,symptom,"n. 증상, 증후",22,22
2134,system,"n. 제도, 체제",22,22
2135,tackle,"v. 씨름하다, 태클하다 / n. 태클",22,22
2136,tag,n. 꼬리표 / v. 꼬리표를 붙이다 따라다니다,22,22
2137,tale,"n. 이야기, 소설",22,22
2138,talent,"n. 재주, 재능",22,22
2139,tank,n. 탱크,22,22
2140,tap,"v. 톡톡 두드리다 / n. 두드리기, 수도꼭지",22,22
2141,target,n. 목표 / v. 목표[표적]로 삼다,22,22
2142,task,n. 일 / v. 일을 부과하다,22,22
2143,tax,n. 세금 / v. 세금을 부과하다,22,22
2144,tea,"n. 찻잎, 차 / v. 차를 마시다, 차를 대접하다",22,22
2145,tear,"v. 찢다. 찢어지다 / n. 찢어진 곳, 눈물",22,22
2146,tease,"v. 놀리다, 집적거리다",22,22
2147,technique / technic,"n. 기법, 기술",22,22
2148,technology,"n. 기술, 기계",22,22
2149,teenage,a. 십대의 / n. 10대,22,22
2150,telegraph,"n. 전신 / v. 전보를 치다, 신호하다",22,22
2151,temperature,"n. 온도, 기온",22,22
2152,temple,"n. 신전, 사원, 관자놀이",22,22
2153,temporary,a. 일시적인 / n. 임시 고용인,22,22
2154,tempt,"v. 유혹하다, 부추기다",22,22
2155,tenant,"n. 세입자 / v. 임차해서 살다, 살다",22,22
2156,tend,"v. 경향이 있다, 돌보다, 보살피다",22,22
2157,tender,a. 상냥한 / n. 제출 / v. 제출하다,22,22
2158,tense,a. 긴장한 / v. 긴장시키다,22,22
2159,term,n. 용어 / v. 칭하다,22,22
2160,terminal,n. 공항 터미널 / a. 말기의,22,22
2161,terminate,"v. 끝나다, 끝내다 / a. 유한의",22,22
2162,terrace,n. 테라스 / v. 테라스를 만들다,22,22
2163,terrible,"a. 끔찍한, 소름 끼치는",22,22
2164,terrific,"a. 아주 좋은, 멋진",22,22
2165,territory,"n. 영토, 영지",22,22
2166,terror,"n. 공포, 두려움",22,22
2167,terrorist,"n. 테러리스트, 테러범",22,22
2168,text,n. 본문 / v. 문자를 보내다,22,22
2169,theater/theatre,"n. 공연장, 극장",22,22
2170,theme,n. 주제 / a. 특정한 주제를 가진,22,22
2171,then,"ad. 그때, 그 다음에 / a. 당시의 / n. 그때",22,22
2172,theory,"n. 이론, 학설",22,22
2173,therapy,"n. 치료, 요법",22,22
2174,therefore,"ad. 그러므로, 그러니",22,22
2175,thick,a. 두꺼운 / ad. 두껍게 / n. 가장 굵은[두꺼운] 부분,22,22
2176,thief,"n. 도둑, 절도범",22,22
2177,thin,a. 얇은 / ad. 얇게 / v. 얇게 만들다. 얇아지다,22,22
2178,thorough,"a. 빈틈없는, 철두철미한",22,22
2179,though,conj. (비록) ~이긴 하지만 / ad. 그렇지만,22,22
2180,thousand,n. 1000 / a. 1000의,22,22
2181,thread,"n. 실 / v. 실을 꿰다, 뚫고 나아가다",22,22
2182,threat,"n. 협박, 위협",22,22
2183,thrill,"n. 황홀감, 전율 / v. 열광시키다, 열광하다",22,22
2184,throat,n. 목구멍 / v. ~에 홈을 파다,22,22
2185,through,prep. ~을 통해 / ad. 지나서 / a. 직통의,22,22
2186,throw,v. 던지다 / n. 던지기,22,22
2187,thumb,n. 엄지손가락 / v. 차를 얻어 타다,22,22
2188,thus,"ad. 이렇게 하여, 이와 같이",22,22
2189,tick,v. 째깍거리다 / n. 째깍째깍 하는 소리,22,22
2190,tide,n. 조수 / v. 조수처럼 흐르다. 일어나다,22,22
2191,tidy,a. 깔끔한 / v. 정돈하다 / n. 정리함,22,22
2192,tie,"v. 묶다, 묶이다 / n. 넥타이",22,22
2193,tight,a. 단단한 / ad. 단단히,22,22
2194,till,prep. / conj. ~까지,22,22
2195,timber,n. 수목 / v. 나무를 벌채하다 / a. 목재로 된,22,22
2196,tin,n. 주석 / a. 주석의 / v. 주석을 입히다,22,22
2197,tiny,"a. 아주 작은[적은], 조그마한",22,22
2198,tip,"n. (뾰족한) 끝, 조언, 기울이기 / v. 끝에 달다, 팁을 주다, 기울이다",22,22
2199,tissue,n. 조직 / v. 화장지로 닦아내다,22,22
2200,title,n. 제목 / v. 제목[표제]을 붙이다,22,22
2201,toast,"n. 토스트, 건배 / v. 굽다, 구워지다, 건배하다",23,23
2202,toe,"n. 발가락 / v. 발끝을 대다, 발끝을 움직이다",23,23
2203,toilet,"n. 변기(통), 화장실",23,23
2204,tone,"n. 어조, 음색 / v. 탄력 있게 만들다, 어울리다",23,23
2205,tongue,n. 혀,23,23
2206,tool,"n. 연장, 도구 / v. (차를) 몰다",23,23
2207,topic,"n. 화제, 주제",23,23
2208,torture,n. 고문 / v. 고문하다,23,23
2209,toss,"v. 던지다, 뒤척이다 / n. 동전 던지기",23,23
2210,total,a. 총 / n. 합계 / v. 합계[총] ~이 되다,23,23
2211,tough,a. 힘든,23,23
2212,tour,n. 여행 / v. 여행하다,23,23
2213,toward(s),prep. (어떤 방향) 쪽으로 / a. 임박한,23,23
2214,towel,n. 수건 / v. 수건으로 닦다,23,23
2215,tower,"n. 탑, 끄는 사람[것] / v. 높이 솟다",23,23
2216,toxic,a. 유독한 / n. 유독 화학 약품,23,23
2217,trace,"v. 추적하다, 거슬러 올라가다 / n. 자취",23,23
2218,trade,"n. 거래 / v. 거래하다, 매매하다",23,23
2219,tradition,"n. 전통, 관습",23,23
2220,traffic,n. 교통(량) / v. 매매하다,23,23
2221,tragic,a. 비극적인 / n. 비극적 요소,23,23
2222,trail,"n. 자국 / v. 끌다, 끌리다",23,23
2223,transact,"v. 거래하다, 사무를 보다",23,23
2224,transfer,"v. 옮기다, 갈아타다 / n. 옮김, 이동",23,23
2225,transform,"v. 변형시키다, 변형되다 / n. 변환",23,23
2226,transition,"n. 이행, 전환",23,23
2227,translate,v. 번역하다,23,23
2228,transmit,"v. 보내다, 자손에게 전해지다",23,23
2229,transport,n. 수송 / v. 수송하다,23,23
2230,transportation,"n. 수송, 운송",23,23
2231,trap,"n. 덫 / v. 가두다, 덫을 놓다",23,23
2232,tray,"n. 쟁반, 상자",23,23
2233,treasure,n. 보물 / v. 대단히 귀하게 여기다,23,23
2234,treat,"v. 대하다, 다루다 / n. 대접",23,23
2235,treaty,"n. 조약, 협정",23,23
2236,tremendous,a. 엄청난 / ad. 굉장히,23,23
2237,trend,n. 동향 / v. 향해 있다,23,23
2238,triangle,"n. 삼각형, 트라이앵글",23,23
2239,tribe,"n. 부족, 종족",23,23
2240,trick,n. 속임수 / v. 속이다 / a. 교묘한,23,23
2241,trigger,"n. 방아쇠 / v. 촉발시키다, 방아쇠를 당기다",23,23
2242,trim,v. 다듬다 / n. 다듬기 / a. 잘 가꾼,23,23
2243,triumph,"n. 승리 / v. 승리를 거두다, 정복하다",23,23
2244,troop,"n. 병력 / v. 무리[떼]를 지어 가다, 수송하다",23,23
2245,trouble,"n. 문제 / v. 괴롭히다, 걱정하다",23,23
2246,trunk,n. 몸통 / a. 주요한,23,23
2247,trust,"n. 신뢰 / v. 신뢰하다, 신임하다",23,23
2248,truth,"n. 사실, 진상",23,23
2249,tube,n. 관 / v. 관을 달다,23,23
2250,tune,n. 곡 / v. 악기를 조율하다,23,23
2251,tunnel,n. 터널 / v. 터널[굴]을 뚫다,23,23
2252,turnover,"n. 거래액, 전환, 전복 / a. 접어서 젖힌",23,23
2253,twin,n. 쌍둥이 / v. 자매 관계를 맺다 / a. 쌍둥이의,23,23
2254,twist,"v. 휘다, 비틀리다 / n. 비틀기",23,23
2255,ultimate,a. 궁극적인 / n. 극치,23,23
2256,unaware,"a. 알지 못하는, 모르는",23,23
2257,undergo,"v. 겪다, 경험하다",23,23
2258,underlie,v. ~의 밑에[아래에] 있다. 기저를 이루다,23,23
2259,undermine,"v. ~의 밑을 파다, 기반을 약화시키다",23,23
2260,undertake,"v. 착수하다, 증인이 되다",23,23
2261,uniform,n. 제복 / a. 획일적인,23,23
2262,unify,"v. 통합하다, 통일하다",23,23
2263,union,"n. 노동 조합, 조합",23,23
2264,unique,a. 유일무이한 / n. 유일한[독특한] 사람[것],23,23
2265,unit,"n. 구성 단위, 한개",23,23
2266,unite,"v. 통합시키다, 연합하다",23,23
2267,universe,"n. 우주, 은하계",23,23
2268,university,"n. 대학, 전(全) 대학생",23,23
2269,unless,"conj. ~하지 않는 한, ~이 아닌 한",23,23
2270,unprecedented,"a. 전례가 없는, 미증유의",23,23
2271,until,prep. ~(때)까지,23,23
2272,update,v. 갱신하다 / n. 갱신,23,23
2273,upper,a. 더 위에 있는 / n. 윗부분,23,23
2274,upset,v. 속상하게 만들다 / a. 속상한,23,23
2275,upward(s),a. 위쪽을 향한 / ad. 위쪽을 향해서,23,23
2276,urban,"a. 도시의, 도회지의",23,23
2277,urge,"v. 강력히 권고하다, 주장하다 / n. 욕구",23,23
2278,urgent,"a. 긴급한, 시급한",23,23
2279,utilize / utilise,"v. 활용하다, 이용하다",23,23
2280,utter,"a. 완전한, 순전한 / v. 말하다",23,23
2281,vacate,"v. 비우다, 사직하다",23,23
2282,vacation,n. 방학 / v. 휴가를 보내다,23,23
2283,vaccine,n. 백신,23,23
2284,vacuum,n. 진공 / a. 진공의 / v. 진공청소기로 청소하다,23,23
2285,vague,"a. 모호한, 애매한",23,23
2286,valid,"a. 유효한, 정당한",23,23
2287,valley,"n. 계곡, 골짜기",23,23
2288,value,n. 가치 / v. 소중하게 생각하다,23,23
2289,van,"n. 밴, 선두, 전위",23,23
2290,vanish,"v. 사라지다, 숨기다 / n. 소음(消音)",23,23
2291,various,"a. 여러 가지의, 각양각색의",23,23
2292,vary,v. 서로 다르다 다르게 하다,23,23
2293,vast,a. 방대한 / n. 광대함,23,23
2294,vehicle,"n. 차량, 탈것",23,23
2295,venture,n. 벤처 / v. 감행하다,23,23
2296,verb,n. 동사,23,23
2297,verbal,a. 언어의 / n. 동사류,23,23
2298,verse,"n. 운문 / v. 시로 표현하다, 정통하다, 숙달하다",23,23
2299,version,"n. -판, -본",23,23
2300,versus,"prep. ~ 대(對), ~에 비해",23,23
2301,vertical,a. 수직의 / n. 수직선,24,24
2302,vessel,"n. 배, 선박",24,24
2303,veterinarian,n. 수의사,24,24
2304,via,"prep. ~을 경유하여[거쳐], ~을 통하여",24,24
2305,vice,"n. 악, 악덕, 대리(자) / a. 대리의 / prep. ~ 대신에",24,24
2306,victim,"n. 피해자, 희생자",24,24
2307,victory,"n. 승리, 정복",24,24
2308,view,n. 견해 / v. 여기다,24,24
2309,vigor,"n. 정력, 힘",24,24
2310,vigorous,"a. 활발한, 격렬한",24,24
2311,villa,"n. 휴가용 주택, 별장",24,24
2312,village,"n. 마을, 부락",24,24
2313,violent,"a. 폭력적인, 난폭한",24,24
2314,virgin,n. 미경험자 / a. 원래 [자연] 그대로의,24,24
2315,virtual,"a. 사실상의, 실질상의",24,24
2316,virtue,"n. 선, 선행",24,24
2317,virus,"n. 바이러스, 병원체",24,24
2318,visible,a. 보이는 / n. 눈에 보이는 것,24,24
2319,vision,n. 시력 / v. 환영으로 보다,24,24
2320,visual,a. 시각의 / n. 시각 자료,24,24
2321,vital,a. 필수적인 / n. 생명 유지 필수 기관,24,24
2322,vivid,"a. 뚜렷한, 생생한",24,24
2323,vocabulary,"n. 어휘, 용어",24,24
2324,vocation,"n. 천직, 소명",24,24
2325,volume,"n. 용량, 용적",24,24
2326,volunteer,n. 자원 봉사자 / v. 자원하다 / a. 자원의,24,24
2327,vote,"n. 표 / v. 투표하다, 선출하다",24,24
2328,wage,"n. 임금, 급료 / v. 벌이다, 다투다",24,24
2329,wander,"v. 거닐다, 돌아다니다 / n. 거닐기",24,24
2330,warehouse,n. 창고 / v. 창고에 보관하다,24,24
2331,warn,"v. 경고하다, 주의를 주다",24,24
2332,warrant,n. 영장 / v. 정당[타당]하게 만들다,24,24
2333,waste,"v. 낭비하다 낭비되다 / n. 낭비, 쓰레기 / a. 버려진",24,24
2334,wave,n. 파도 / v. 흔들다,24,24
2335,weak,"a. 약한, 힘이 없는",24,24
2336,wealth,"n. 재물, 재산",24,24
2337,weapon,"n. 무기, 병기",24,24
2338,weave,v. 직물을 짜다. 엮어지다 / n. 짜는[엮는] 법,24,24
2339,weed,n. 잡초 / v. 잡초를 뽑다,24,24
2340,weigh,v. 무게[체중]가 ~이다 / n. 무게 달기,24,24
2341,weird,a. 기이한 / n. 운명,24,24
2342,welfare,"n. 안녕, 행복",24,24
2343,whale,n. 고래,24,24
2344,wheat,"n. 밀, 소맥",24,24
2345,wheel,"n. 바퀴 / v. 밀다, 선회하다",24,24
2346,whereas,conj. ~에 반하여 / n. (공문서의) 전문,24,24
2347,whether,"conj. ~인지 (아닌지), ~이든 (아니든)",24,24
2348,which,a. 어느 / pron. 어느 것,24,24
2349,while,conj. ~하는 동안에 / n. 잠깐 / v. (시간을) 보내다,24,24
2350,whip,"n. 채찍 / v. 채찍질 [매질]하다, 갑자기 움직이다",24,24
2351,whisper,v. 속삭이다 / n. 속삭임,24,24
2352,whistle,n. 호루라기 / v. 휘파람으로 불다,24,24
2353,whole,a. 전체의 / n. 완전체,24,24
2354,wicked,a. 못된 / n. 악인,24,24
2355,wide,a. 넓은 / ad. 널리 / n. 표적을 벗어난 것,24,24
2356,wild,a. 야생의 / n. 자연 / ad. 난폭하게,24,24
2357,wing,"n. 날개 / v. 날다, 날아가다",24,24
2358,wipe,v. 닦다. 지우다 / n. 닦기,24,24
2359,wire,"n. 철사 / v. 전선을 연결하다, 전보를 치다",24,24
2360,wise,a. 지혜로운 / v. 알리다,24,24
2361,wit,"n. 기지, 재치",24,24
2362,withdraw,"v. 빼내다, 물러나다",24,24
2363,within,prep. ~이내에 / ad. 내부에서,24,24
2364,without,prep. ~없이 / ad. ~없이 / n. 밖 / conj. ~하지 않으면,24,24
2365,witness,"n. 목격자 / v. 목격하다, 증언하다",24,24
2366,wonder,"v. 궁금하다, 놀라다 / n. 경탄, 경이(로운 것)",24,24
2367,wool,n. 양털,24,24
2368,worship,"n. 예배, 숭배 / v. 예배하다",24,24
2369,worth,a. ~의 가치가 있는 / n. 어치[짜리],24,24
2370,would,(will의 과거형) ~일[할] 것이다,24,24
2371,wound,"n. 상처 / v. 상처 [부상]를 입히다, 상처를 입다",24,24
2372,wrap,"v. 싸다, 몸을 감싸다 / n. 숄, 포장지",24,24
2373,wreck,"n. 난파선 / v. 파괴시키다, 난파하다",24,24
2374,yell,v. 소리치다 / n. 고함,24,24
2375,yet,ad. 아직 / conj. 그렇지만,24,24
2376,yield,"v. (수익 등을) 내다, 굴복하다 / n. 산출",24,24
2377,zebra,n. 얼룩말,24,24
2378,zero,n. 0 / a. 0의,24,24
2379,zone,n. 지역,24,24
